TransactionID,CustomerID,MarketingSpend,CampaignType,Impressions,Clicks,ConversionRate,Revenue,ProductCategory,PaidCustomer,CustomerAge,CustomerLocation,ReferralSource,CustomerSatisfaction
TX0001,1260,101.89,PPC,7584,InvalidData,0.1695,,Clothing,0,20,West,Organic,3
TX0002,3474,88.91,PPC,61263,561,0.0699,286.89,Toys,,,North,Direct,2
TX0003,5223,160.42,Affiliate,89887,777,0.057,43.55,Beauty,,65,West,,5
TX0004,3090,106.52,Influencer,67189,3352,0.1542,482.72,Electronics,,54,West,Direct,1
TX0005,1009,47.65,Influencer,87618,7667,0.1722,494.89,Toys,0,,East,Social Media,5
TX0006,3297,138.72,Social Media,52258,434,0.0195,282.21,Home & Kitchen,,,North,Direct,3
TX0007,2218,116.33,Social Media,36042,930,0.058,,Home & Kitchen,1,23,West,Social Media,5
TX0008,8907,185.91,Influencer,43184,1823,0.1183,,Beauty,1,,South,Paid Ad,1
TX0009,6506,87.4,Email,84951,6322,0.1767,390.3,Toys,0,43,South,Organic,5
TX0010,6726,21.63,PPC,9217,3826,0.1486,271.39,Toys,0,62,West,Social Media,
TX0011,5273,40.41,PPC,23359,InvalidData,0.0671,35.03,Clothing,1,61,South,Direct,4
TX0012,6848,30.9,Influencer,25023,3041,0.1786,477.4,Toys,,46,East,,3
TX0013,7025,51.77,Unknown,61399,4001,0.0794,334.39,Beauty,0,33,North,,4
TX0014,7472,,PPC,77253,3526,0.0611,335.65,Electronics,1,63,West,Direct,3
TX0015,8998,69.94,PPC,42873,1775,0.0773,153.7,Beauty,,35,East,Direct,2
TX0016,8281,189.41,Social Media,26435,4519,0.1879,,Invalid,,20,West,Social Media,4
TX0017,5355,136,Email,4767,1011,0.0258,167.17,Beauty,,21,South,Direct,4
TX0018,4295,146.86,Influencer,14866,6365,0.1858,270.09,Clothing,1,34,West,Direct,2
TX0019,5340,60.4,PPC,51800,6689,0.1317,239.32,Invalid,,51,North,Social Media,
TX0020,8803,66.57,Affiliate,37012,9644,0.1855,421.41,Beauty,,35,West,Direct,5
TX0021,7055,,Social Media,64527,581,0.1179,11.64,Toys,1,22,North,Direct,4
TX0022,1098,194.61,Social Media,39222,2940,0.1973,258.12,Toys,1,18,East,,1
TX0023,3124,88.64,Email,91587,8544,0.138,425.63,Clothing,,39,East,Social Media,3
TX0024,4550,176.55,Affiliate,57799,1670,0.1445,10.83,Home & Kitchen,,51,South,Social Media,5
TX0025,3989,52.93,Email,92821,7537,0.1209,405.55,Electronics,,52,South,Social Media,
TX0026,6539,184.7,PPC,90872,2593,0.1513,189.83,Electronics,,58,North,,2
TX0027,8272,29.14,Email,73736,6572,0.0143,105.55,Electronics,1,30,North,Organic,3
TX0028,1987,49.91,Social Media,71283,4483,0.1113,488.25,Toys,,31,West,,3
TX0029,1555,,Email,29654,982,0.152,161.73,Home & Kitchen,,34,West,Social Media,
TX0030,2240,40.75,Social Media,4421,4546,0.1668,495.51,Electronics,,21,North,,3
TX0031,2898,125.26,PPC,61623,1851,0.0966,458.75,Clothing,0,50,West,Direct,2
TX0032,4045,16.18,Unknown,36664,9904,0.0111,139.97,Beauty,0,,East,Direct,
TX0033,8663,197.75,PPC,19421,3154,0.0839,444.88,Home & Kitchen,0,39,North,Direct,4
TX0034,2766,146.07,Unknown,65275,1391,0.0477,100.43,Beauty,,25,North,Social Media,3
TX0035,2484,84.73,Social Media,37718,2086,0.1394,,Toys,0,31,North,Direct,
TX0036,6139,67.18,Unknown,62164,5967,0.1983,107.79,Home & Kitchen,,49,West,Direct,4
TX0037,7197,,Affiliate,2372,4526,0.0256,260.7,Invalid,,61,West,Paid Ad,4
TX0038,5180,,Influencer,3601,4679,0.0361,373.14,Beauty,,29,East,Social Media,
TX0039,1825,66.64,Unknown,19967,9838,0.0967,464.69,Electronics,0,43,South,,
TX0040,5349,51.58,Social Media,65639,8335,0.0795,58.86,Electronics,,28,East,Paid Ad,
TX0041,8656,131.87,Affiliate,6088,7477,0.1612,,Electronics,1,26,West,Social Media,4
TX0042,9373,83.3,Email,47791,9286,0.1232,,Home & Kitchen,,19,South,,1
TX0043,9866,112.65,Influencer,21719,InvalidData,0.1584,154.44,Beauty,0,,North,Organic,
TX0044,4760,46.71,Email,72322,4690,0.1174,200.44,Home & Kitchen,,64,South,Organic,5
TX0045,4935,25.26,Affiliate,51757,6377,0.1942,321.85,Toys,,41,South,Paid Ad,1
TX0046,5760,33.89,Influencer,88676,7410,0.0853,,Toys,0,34,North,Organic,1
TX0047,7017,194.94,Unknown,7174,7349,0.1866,225.66,Electronics,,38,East,Paid Ad,
TX0048,7721,17.87,Affiliate,23449,1070,0.0567,355.24,Home & Kitchen,0,26,North,Paid Ad,4
TX0049,6293,34.01,Affiliate,38023,9718,,190.1,Beauty,,55,East,Organic,2
TX0050,9203,169.78,PPC,96391,2475,,222.88,Electronics,0,21,North,Paid Ad,3
TX0051,6968,85.5,Affiliate,12607,3168,0.0572,399.06,Toys,0,40,East,Social Media,
TX0052,8460,63.74,Email,65145,4242,0.1362,,Clothing,0,49,West,Paid Ad,5
TX0053,5049,20.06,Influencer,84660,1090,0.0501,310.82,Beauty,,41,North,,
TX0054,5747,119.9,Social Media,25177,424,0.1973,56.73,Beauty,,28,East,Direct,
TX0055,5425,83.33,PPC,7328,956,0.1377,306.55,Electronics,,60,North,Direct,4
TX0056,8611,96.75,Email,59537,996,0.1537,38.2,Toys,,62,West,Organic,2
TX0057,4920,,Influencer,70153,3474,0.1747,61.94,Toys,,58,South,Social Media,2
TX0058,6267,165.19,PPC,80229,7414,0.1088,413.79,Toys,,34,South,Unknown,
TX0059,4147,118.7,Influencer,95580,7133,0.1088,,Toys,,49,West,Paid Ad,5
TX0060,3195,,PPC,85887,1982,0.0752,174.05,Home & Kitchen,0,41,South,Paid Ad,3
TX0061,2104,23.23,Unknown,54152,2848,0.1842,321.48,Clothing,1,55,North,Organic,2
TX0062,4634,52.83,Unknown,44151,7248,0.1714,185.24,Electronics,1,,East,Unknown,5
TX0063,6905,8.71,Influencer,67747,8888,0.1943,,Beauty,,53,East,Organic,4
TX0064,1279,17.24,Influencer,67456,3601,0.1372,181.41,Electronics,1,61,East,,3
TX0065,6923,6.34,Email,62708,3530,0.0512,,Toys,,28,East,Direct,5
TX0066,3212,190.64,Social Media,84177,7227,0.0528,,Home & Kitchen,,19,North,,1
TX0067,2262,33.66,Social Media,94828,5203,0.0408,493.08,Clothing,,23,West,Organic,2
TX0068,1661,39.88,Affiliate,14389,7492,0.0251,153.01,Beauty,,35,South,Direct,4
TX0069,7913,16.62,Social Media,44219,8278,,220.68,Home & Kitchen,,59,South,Organic,
TX0070,8841,13.46,Email,16953,7215,0.1431,,Clothing,,44,South,Social Media,4
TX0071,6353,,Unknown,48883,9463,0.1905,200.38,Toys,1,33,North,Paid Ad,4
TX0072,7772,27.06,PPC,41050,9758,0.1914,222.68,Toys,1,46,South,Unknown,5
TX0073,8643,16.11,PPC,65012,8587,0.121,446.66,Beauty,0,50,North,Social Media,3
TX0074,4538,46.84,Social Media,87990,1118,0.1618,489.51,Clothing,0,39,West,Paid Ad,4
TX0075,4864,144.39,Email,35044,6686,0.0882,214.57,Clothing,,29,North,Direct,1
TX0076,7723,31.04,Affiliate,19176,5212,0.0284,263.35,Toys,,43,North,Direct,4
TX0077,2487,66.62,Affiliate,51246,739,0.1211,,Electronics,0,63,North,Social Media,3
TX0078,6900,,Unknown,6911,691,0.1988,335.86,Beauty,1,63,East,Social Media,4
TX0079,8973,5.31,Affiliate,86088,2968,0.0101,392.08,Home & Kitchen,1,21,East,Organic,5
TX0080,2476,191.45,Email,47098,7790,0.1262,236.91,Beauty,1,61,West,Social Media,1
TX0081,6612,16.88,Unknown,89735,285,0.1267,430.9,Beauty,1,30,North,Unknown,2
TX0082,1989,86.98,Social Media,77153,3519,0.0249,46.09,Beauty,0,46,South,,
TX0083,9930,94.82,Affiliate,70778,2021,0.1408,496.63,Clothing,,42,North,Paid Ad,2
TX0084,5744,28.8,PPC,24467,5741,0.0551,476.77,Electronics,0,59,West,Organic,5
TX0085,3728,,Affiliate,38997,InvalidData,0.0295,444.25,Electronics,1,61,East,,
TX0086,9780,142.43,Affiliate,38224,9241,0.188,,Clothing,,49,West,Organic,
TX0087,3254,75.18,Affiliate,50487,InvalidData,0.159,82.85,Home & Kitchen,,23,North,Direct,
TX0088,8631,,Influencer,6334,1454,0.0963,312.65,Home & Kitchen,,35,West,Unknown,2
TX0089,5610,80.8,Affiliate,29065,8032,0.1284,429.82,Clothing,1,27,South,Unknown,3
TX0090,6462,14.65,PPC,25590,5579,0.044,48.13,Beauty,0,38,East,Organic,5
TX0091,6265,,PPC,80911,4645,0.0682,,Home & Kitchen,1,,South,Paid Ad,4
TX0092,8850,73.75,PPC,48822,7362,0.0421,14.66,Toys,0,48,South,Social Media,3
TX0093,9766,178.74,Affiliate,18608,5080,0.1946,412.83,Beauty,1,44,South,Organic,3
TX0094,5382,15.14,Unknown,67063,8726,0.1898,16.59,Electronics,0,48,East,Direct,2
TX0095,1764,5.82,PPC,29299,3431,0.052,192.7,Toys,,20,East,Organic,3
TX0096,5649,141.03,Social Media,4560,2615,0.1737,211.62,Beauty,0,27,East,Social Media,5
TX0097,4588,,Social Media,18396,224,,67.73,Home & Kitchen,1,58,North,Organic,1
TX0098,5271,198.98,PPC,78698,8704,0.1446,305.01,Toys,,63,East,Direct,5
TX0099,4897,90.46,Social Media,75110,6756,0.1344,496.81,Electronics,1,64,East,Organic,4
TX0100,4975,181.24,Social Media,48579,8203,0.1738,182.93,Home & Kitchen,,65,West,Social Media,3
TX0101,5534,,Social Media,16816,7722,0.1026,494.74,Beauty,,21,South,Paid Ad,5
TX0102,5636,,Affiliate,21104,9131,0.0281,303.13,Electronics,,28,North,,3
TX0103,3643,196.71,Affiliate,32940,4075,,337.07,Clothing,1,33,West,,
TX0104,1223,51.62,Unknown,6108,4070,,200.83,Clothing,,32,East,Social Media,3
TX0105,4191,97.27,Influencer,74138,513,0.0557,353.09,Invalid,,65,West,Social Media,5
TX0106,1889,175.38,PPC,43068,InvalidData,0.0968,237.2,Toys,0,55,East,Organic,4
TX0107,4021,141.15,Influencer,43730,464,0.1773,162.56,Toys,1,65,East,,
TX0108,7628,,Social Media,62169,4403,0.1242,182.08,Home & Kitchen,,59,East,Organic,5
TX0109,3706,37.01,Unknown,79589,4012,0.0268,,Toys,,,South,,5
TX0110,4110,,Unknown,24378,5257,0.0559,105.76,Toys,,65,East,Paid Ad,
TX0111,1720,149.01,Influencer,44683,4383,0.0879,302.74,Toys,0,64,East,Paid Ad,1
TX0112,4624,23.83,PPC,76795,3818,0.1914,188.84,Home & Kitchen,1,31,East,Direct,4
TX0113,1553,7.86,PPC,17779,8470,0.1732,412.09,Toys,0,,West,Unknown,4
TX0114,6799,110.44,Email,90061,InvalidData,0.1198,149.29,Beauty,0,32,West,,3
TX0115,9919,83.34,PPC,16512,9368,0.1878,184.31,Home & Kitchen,1,60,North,Social Media,5
TX0116,9924,41.12,Email,19560,7993,0.0606,203.1,Invalid,0,,West,Paid Ad,3
TX0117,5979,165.43,Affiliate,40396,InvalidData,0.1837,388.69,Beauty,,63,East,Organic,1
TX0118,4760,43.6,Unknown,21367,8045,0.1678,,Home & Kitchen,,43,East,,
TX0119,5079,31.18,Influencer,50915,6787,0.143,183.06,Toys,1,20,North,,3
TX0120,4015,,Email,44328,6935,0.079,,Clothing,,29,North,Direct,2
TX0121,7340,63.08,Unknown,32025,8914,0.1801,18.02,Electronics,0,35,East,,4
TX0122,1357,108.08,Influencer,41119,2685,0.0825,488.92,Clothing,0,40,West,Unknown,5
TX0123,5204,44.91,Influencer,55911,4436,0.0355,470.36,Electronics,,20,East,Social Media,4
TX0124,4691,,Social Media,61133,6946,0.0971,,Beauty,1,57,East,,5
TX0125,2532,58.18,Email,73025,6229,0.1731,,Electronics,,60,North,,2
TX0126,1415,,PPC,77507,4819,0.0409,478.63,Home & Kitchen,1,60,South,Paid Ad,
TX0127,3473,149.86,Influencer,46509,3298,0.1458,450.9,Beauty,0,,West,Social Media,2
TX0128,5278,7.11,PPC,44378,7451,0.1308,443.23,Beauty,1,44,South,Organic,5
TX0129,6810,30.16,Influencer,15093,3087,0.1812,368.77,Beauty,1,48,West,Paid Ad,5
TX0130,6605,73.48,Affiliate,58244,2505,0.0365,15.45,Electronics,,28,East,Organic,4
TX0131,8229,,Unknown,45916,545,0.1694,54,Beauty,,25,South,Organic,2
TX0132,2644,42.71,Affiliate,6829,1094,0.1074,38.69,Electronics,,42,North,,4
TX0133,3543,148.62,Social Media,84146,9924,0.0259,,Home & Kitchen,0,21,West,Direct,1
TX0134,5826,143.64,Affiliate,73027,9197,0.1273,432.94,Beauty,0,23,East,,1
TX0135,5133,181.6,Affiliate,56987,5474,0.0763,164.13,Beauty,0,29,West,,3
TX0136,9016,193.84,Email,1512,7256,0.1902,158.46,Clothing,0,56,East,Social Media,3
TX0137,4252,187.53,Email,74680,3363,0.1969,,Clothing,1,56,South,Direct,3
TX0138,7601,59.85,Influencer,97276,InvalidData,0.0212,206.18,Beauty,1,32,West,Organic,1
TX0139,3065,,PPC,4863,6571,0.097,,Home & Kitchen,,,East,Organic,5
TX0140,8951,30.86,Social Media,6841,1992,0.0379,184.74,Electronics,1,46,South,Social Media,5
TX0141,4444,142.73,PPC,35039,400,0.0956,52.71,Toys,,36,South,Paid Ad,5
TX0142,5831,86.58,Email,14395,8087,0.0694,114.02,Electronics,,47,West,Organic,3
TX0143,5161,,PPC,91073,1119,,388.46,Clothing,,41,West,Organic,2
TX0144,9632,,Affiliate,55366,7009,0.1457,444.86,Toys,0,,North,Paid Ad,3
TX0145,8282,53.38,Email,94763,3495,0.1569,109.56,Clothing,1,61,East,Direct,4
TX0146,7572,191.35,PPC,32782,2335,0.0804,379.41,Electronics,0,50,West,,1
TX0147,2791,150.83,Affiliate,66139,2225,0.0737,246.78,Clothing,0,44,South,Direct,2
TX0148,4851,38.72,PPC,97524,3953,0.1828,431.84,Clothing,,27,East,Paid Ad,5
TX0149,1105,200,Influencer,25074,3756,0.0649,246.8,Toys,0,55,North,Organic,2
TX0150,4959,38.17,Influencer,23850,197,0.1863,97.1,Invalid,1,18,North,Social Media,3
TX0151,8614,190.16,Email,62624,7466,0.1585,52.13,Electronics,,50,East,Direct,1
TX0152,4801,40.47,Email,89139,1617,0.1669,261.23,Toys,1,33,South,Social Media,4
TX0153,5564,22.65,PPC,1869,5710,0.0269,261.27,Clothing,,,East,Paid Ad,
TX0154,4382,166.5,Email,72064,671,0.1214,207.51,Toys,1,56,North,Organic,5
TX0155,8711,19.02,Influencer,20760,239,0.1056,,Home & Kitchen,0,45,West,,4
TX0156,2058,,Influencer,67139,1273,0.0719,85.48,Invalid,,53,North,Social Media,3
TX0157,1660,,Social Media,81984,4045,0.1439,106.31,Invalid,0,25,South,Direct,
TX0158,8968,47.05,Influencer,63073,7560,,203.65,Home & Kitchen,,48,East,Paid Ad,3
TX0159,3215,26.49,Unknown,53565,8854,0.0502,387.38,Clothing,1,27,East,Paid Ad,3
TX0160,9020,143.46,Influencer,9693,6909,0.0635,,Invalid,1,43,North,Social Media,5
TX0161,4101,118.13,Email,24874,842,0.1398,134.65,Invalid,0,57,West,Paid Ad,1
TX0162,2003,,Unknown,55848,2476,0.0908,202.67,Home & Kitchen,,65,North,Organic,5
TX0163,8023,42.51,Email,79489,1930,0.0444,,Home & Kitchen,,59,North,Social Media,4
TX0164,1626,11.08,Social Media,45774,1359,0.1751,19.24,Beauty,,45,East,Paid Ad,4
TX0165,6277,,Unknown,85320,7645,0.1731,33.09,Beauty,0,44,South,Social Media,
TX0166,3199,177.15,PPC,55055,682,0.0905,428.08,Electronics,1,,West,Paid Ad,
TX0167,4530,31.55,Influencer,96434,9501,,458.33,Electronics,1,39,North,Organic,2
TX0168,5714,,Influencer,77646,9316,0.0951,248.19,Beauty,0,29,South,Paid Ad,3
TX0169,8914,98.03,Email,41921,2583,0.0478,204.79,Electronics,0,56,East,Direct,1
TX0170,5564,,Email,56228,6316,0.0463,,Clothing,0,61,West,Paid Ad,5
TX0171,7114,168.94,Influencer,36893,9821,0.0251,312.68,Toys,1,42,East,Organic,
TX0172,9321,32.75,Email,97285,5551,0.101,364.87,Beauty,0,20,South,Unknown,3
TX0173,7758,22.72,Affiliate,27945,7406,0.1976,445.35,Beauty,0,23,East,Direct,4
TX0174,4330,77.65,Affiliate,13437,6735,0.1329,43.41,Toys,1,50,North,Direct,5
TX0175,1987,5.2,Social Media,96990,5143,0.0291,119.75,Clothing,1,,West,Paid Ad,2
TX0176,3176,174.64,Affiliate,5072,2448,0.183,438.59,Beauty,1,32,North,Organic,
TX0177,8762,138.47,Email,70321,5131,,51.85,Home & Kitchen,,40,East,Paid Ad,2
TX0178,2206,137.77,PPC,66669,2576,0.0919,169.18,Home & Kitchen,,,South,Social Media,1
TX0179,1795,40.72,Influencer,24956,5744,0.1264,323.72,Beauty,0,28,South,Paid Ad,2
TX0180,4660,26.61,Email,93643,1111,0.0163,168.99,Electronics,,40,West,Organic,4
TX0181,1403,188.05,Influencer,71563,6398,0.1235,,Invalid,,,East,,5
TX0182,3720,127.88,Social Media,3163,8886,0.0896,447.04,Home & Kitchen,,21,West,Organic,5
TX0183,7492,116.11,Social Media,64758,4831,0.081,,Toys,0,61,North,Paid Ad,1
TX0184,3961,,Influencer,14186,3722,0.1213,,Toys,,60,West,Social Media,5
TX0185,2155,88.38,Unknown,81326,5528,0.0689,,Electronics,1,57,South,,5
TX0186,5026,89.29,Influencer,25311,5957,0.0735,405.45,Home & Kitchen,0,41,West,Social Media,5
TX0187,2734,164.46,Influencer,41188,1997,0.1355,,Home & Kitchen,,45,South,Direct,5
TX0188,3015,,Influencer,24087,5305,0.1212,460.3,Electronics,,43,East,Organic,1
TX0189,7955,198.46,Affiliate,64313,7807,0.0225,209.34,Electronics,,40,South,Organic,3
TX0190,3145,43.49,Influencer,70079,2447,0.1775,474.34,Beauty,,,North,Organic,5
TX0191,4106,170.7,Email,26389,8919,0.0135,113.74,Home & Kitchen,1,19,West,Social Media,
TX0192,7395,82.95,Unknown,28712,8019,0.1586,207.68,Beauty,,24,East,Organic,5
TX0193,7579,,PPC,57338,9673,0.0396,260.41,Electronics,0,44,South,Direct,3
TX0194,1881,,Social Media,91121,1763,0.0657,159.44,Home & Kitchen,,,North,,4
TX0195,4193,94.32,Email,62842,4415,0.1182,348.49,Clothing,,32,North,,1
TX0196,8947,132.03,Social Media,18270,9727,0.0981,47.65,Beauty,,55,South,Direct,3
TX0197,7754,178.95,Email,10245,6735,0.093,378.2,Toys,0,23,West,Direct,4
TX0198,8887,,Unknown,72505,7122,0.1283,145.69,Home & Kitchen,,39,West,Social Media,4
TX0199,1375,76.92,Email,49386,2748,0.1975,74.4,Home & Kitchen,0,46,East,Direct,2
TX0200,7477,,PPC,36905,984,0.0726,127.71,Home & Kitchen,,29,North,Paid Ad,4
TX0201,3603,188.86,PPC,65762,3635,0.1937,129.37,Home & Kitchen,1,58,North,,3
TX0202,8144,68.06,Influencer,92635,9031,0.0801,418.54,Electronics,0,62,West,Social Media,1
TX0203,1329,161.32,PPC,42448,8265,0.1938,485.34,Toys,0,54,North,,2
TX0204,7090,84.04,Email,67445,6977,0.1213,,Clothing,,53,North,Social Media,4
TX0205,1880,42.52,PPC,68052,9894,0.0492,461.79,Electronics,1,48,West,Social Media,4
TX0206,5167,131.9,Affiliate,99991,7384,0.1441,482.78,Clothing,1,51,West,Direct,1
TX0207,7127,119.57,Social Media,22012,6116,0.0402,198.71,Electronics,0,37,North,Social Media,5
TX0208,5597,85.64,PPC,38167,3412,0.1836,54.34,Beauty,0,57,East,Direct,3
TX0209,6276,148.06,Email,75138,7401,0.1398,232.34,Invalid,1,51,East,Social Media,2
TX0210,5086,,Unknown,42561,9823,0.1812,85.4,Home & Kitchen,0,21,South,Paid Ad,2
TX0211,9503,88.02,Social Media,14290,298,0.0783,307.86,Toys,,27,North,Organic,
TX0212,1064,160.96,Email,76478,8229,0.1915,15.85,Toys,0,50,South,Social Media,1
TX0213,2785,98.64,Social Media,33141,7556,0.0729,416.88,Toys,0,57,West,,3
TX0214,3262,155.26,Email,47518,4097,0.1918,,Home & Kitchen,,49,East,Organic,5
TX0215,8632,171.98,Influencer,60731,6628,0.0405,401.72,Electronics,,19,North,,
TX0216,4315,144.08,Affiliate,72216,9076,0.0752,17.72,Beauty,0,62,East,Organic,4
TX0217,2372,94.78,Social Media,12595,351,0.0119,135.04,Toys,,49,West,Direct,5
TX0218,8702,172.13,PPC,97634,6648,0.0471,,Invalid,,48,East,Paid Ad,2
TX0219,4265,,Unknown,72368,3415,0.1319,87.92,Clothing,1,25,South,Social Media,2
TX0220,7273,30.1,PPC,49156,8065,0.1137,243.67,Electronics,,55,North,Direct,2
TX0221,1854,133.99,Affiliate,36949,5736,0.1,122.16,Toys,,30,North,Direct,2
TX0222,4384,,Email,12172,8802,0.1753,59.59,Clothing,,29,East,,4
TX0223,2922,,Unknown,63910,5574,0.0393,201.85,Beauty,1,63,North,Direct,3
TX0224,4673,142.94,Social Media,86101,1658,0.1651,117.24,Beauty,,27,West,Paid Ad,5
TX0225,5037,58.75,Affiliate,75494,4786,0.0941,368.75,Electronics,0,57,West,Social Media,2
TX0226,7215,,Social Media,71205,4520,0.1008,41.9,Electronics,,54,North,,
TX0227,7934,43.92,Influencer,30133,7475,0.0514,,Home & Kitchen,,35,East,Social Media,
TX0228,1465,78.96,Affiliate,69153,4417,0.1109,12.07,Beauty,1,43,East,Organic,5
TX0229,7227,33.5,Affiliate,87217,5323,0.0344,146,Toys,,45,West,,5
TX0230,4485,39.18,Influencer,53071,7585,0.1128,269.17,Clothing,0,59,West,,5
TX0231,5148,,Email,96731,6918,0.0104,112.08,Toys,,49,East,Organic,2
TX0232,2723,46.08,Affiliate,72874,1854,0.1328,407.2,Home & Kitchen,,36,South,,5
TX0233,4875,145.43,Influencer,85089,953,0.0521,321.69,Clothing,1,52,West,,3
TX0234,9012,,Influencer,29895,343,0.1644,107.41,Clothing,1,62,North,,3
TX0235,6280,6.89,Affiliate,64980,1924,0.1164,58.05,Toys,,23,North,Direct,3
TX0236,8590,,Affiliate,74854,134,0.0377,208.27,Toys,,23,South,Social Media,
TX0237,3628,185.72,Influencer,82008,3513,0.1042,417.6,Electronics,0,34,South,Organic,1
TX0238,1477,191.06,Influencer,78501,7268,0.1101,,Clothing,,55,South,,5
TX0239,5811,131.25,PPC,67049,7849,0.0797,,Clothing,,39,West,Social Media,3
TX0240,1841,11.5,Unknown,34167,3614,0.1812,384.32,Clothing,0,41,North,Organic,3
TX0241,6590,71.15,Social Media,6490,7645,0.1799,110.09,Toys,0,41,North,Organic,
TX0242,9334,173.49,PPC,4519,561,0.0879,37.69,Home & Kitchen,,24,East,Social Media,
TX0243,8834,73.76,PPC,7816,1533,0.1529,169.14,Home & Kitchen,1,,West,Social Media,1
TX0244,8102,182.7,Influencer,63041,5058,,444.67,Beauty,,41,East,Social Media,5
TX0245,2356,112.46,PPC,6482,286,0.0199,37.87,Beauty,0,27,East,Social Media,1
TX0246,7553,92.93,Affiliate,95582,7984,0.1735,467.51,Home & Kitchen,1,37,North,Social Media,5
TX0247,2934,83,PPC,13774,9974,0.0768,447.23,Invalid,,60,South,Direct,2
TX0248,2296,63.26,Influencer,14725,721,,374.67,Electronics,,31,West,Paid Ad,4
TX0249,8672,,Unknown,85148,1547,0.1605,296.95,Beauty,1,63,West,Paid Ad,2
TX0250,9706,180,Email,83468,7941,0.135,380.96,Clothing,1,49,South,Organic,1
TX0251,7402,111.53,Influencer,37721,4510,0.103,368.83,Clothing,,21,North,Paid Ad,2
TX0252,9027,58.82,Affiliate,45589,7324,0.1482,,Beauty,1,65,East,Organic,2
TX0253,9284,,Influencer,72168,4475,0.035,25.54,Clothing,,21,South,Direct,2
TX0254,3631,96.19,Influencer,70887,4758,0.0412,177.87,Toys,1,56,West,,
TX0255,7077,106.71,Influencer,11605,InvalidData,0.0605,458.19,Electronics,,38,North,Direct,1
TX0256,6321,96.65,PPC,61128,8344,,321.72,Home & Kitchen,1,44,South,Direct,3
TX0257,3051,197.71,Email,71347,9476,0.1844,170.46,Toys,,32,East,Social Media,3
TX0258,4784,,Email,17923,5309,0.0914,106.54,Electronics,0,54,South,Direct,4
TX0259,1699,177.06,Email,4831,4497,0.0965,,Toys,,62,North,,1
TX0260,5877,92.26,Social Media,79610,6767,0.0121,199.87,Toys,1,57,North,Social Media,
TX0261,2386,130.83,Social Media,96295,446,,480.55,Clothing,,26,South,Paid Ad,4
TX0262,3386,12.63,Social Media,6880,3945,,438.9,Electronics,,37,South,Organic,4
TX0263,2097,162.47,PPC,6410,4915,0.0219,365.66,Home & Kitchen,,30,West,Direct,5
TX0264,6876,,Unknown,96116,3792,0.1001,164.25,Beauty,0,65,South,Paid Ad,5
TX0265,5561,53.4,Influencer,7328,7256,0.1483,,Electronics,,,South,Paid Ad,5
TX0266,2852,153.72,Influencer,87837,8606,0.1308,151.46,Beauty,0,44,East,Direct,3
TX0267,2508,96.15,Email,47000,1839,0.1614,135.83,Electronics,1,30,East,Paid Ad,2
TX0268,2281,179.03,Affiliate,10798,3144,0.1266,362.71,Invalid,,35,West,Organic,2
TX0269,3263,151.33,Unknown,20953,2320,,222.65,Electronics,,19,West,,4
TX0270,1486,150.89,Influencer,90315,4521,0.1768,140.63,Beauty,1,61,West,,3
TX0271,9178,159.77,Influencer,12692,1937,0.0856,,Home & Kitchen,,,West,Paid Ad,2
TX0272,1992,45.75,Social Media,90404,9754,0.0527,429.11,Home & Kitchen,0,35,North,Paid Ad,4
TX0273,9813,,Influencer,62045,4396,0.1628,331.87,Beauty,,33,South,Organic,3
TX0274,3699,106.5,Influencer,90085,9864,0.1779,482.23,Clothing,1,42,West,Direct,
TX0275,2334,84.68,Unknown,36371,2209,0.0438,290.15,Electronics,,38,West,,5
TX0276,7186,23.08,PPC,96100,5935,0.0395,302.4,Beauty,1,18,North,Organic,
TX0277,1912,25.16,Unknown,92000,4456,0.1443,426.06,Beauty,1,19,West,Organic,5
TX0278,9946,141.62,Social Media,26495,5155,0.1407,87.87,Home & Kitchen,,28,South,,
TX0279,8112,35.78,PPC,10224,3154,0.0237,129.11,Electronics,,60,West,Paid Ad,5
TX0280,4840,152.18,Affiliate,7856,9461,0.087,,Electronics,,57,West,Social Media,3
TX0281,3417,55.03,Social Media,79790,127,0.117,147.95,Home & Kitchen,,26,North,Social Media,1
TX0282,9770,196.88,Email,95384,7577,0.09,,Electronics,,47,East,Unknown,
TX0283,1762,,PPC,4679,4183,0.0404,407.61,Beauty,1,,North,Organic,
TX0284,6745,58.89,Influencer,96234,8387,0.0475,24.48,Clothing,,62,East,Unknown,
TX0285,9264,72.98,Influencer,68113,5357,0.1292,402.48,Clothing,1,39,South,Direct,3
TX0286,3154,,PPC,48918,7704,0.1072,433.69,Home & Kitchen,,47,North,Social Media,1
TX0287,6257,154.26,Influencer,16090,1465,0.1773,37.12,Toys,,57,North,Social Media,1
TX0288,5494,69.32,Influencer,49497,364,0.1555,244.4,Toys,1,19,East,Organic,5
TX0289,4861,6.68,PPC,65933,8582,0.1494,400.48,Home & Kitchen,,36,North,Social Media,4
TX0290,4822,,Affiliate,89352,6326,0.1983,214.94,Electronics,,46,North,Social Media,3
TX0291,2952,44.52,Affiliate,32799,8563,0.1542,298.2,Electronics,1,30,East,Social Media,2
TX0292,5219,76.1,Influencer,56165,6085,0.0189,305.68,Home & Kitchen,1,31,West,Social Media,2
TX0293,3099,195.22,PPC,82907,7640,0.0145,305.12,Home & Kitchen,1,29,South,Organic,2
TX0294,2012,59.52,PPC,50557,2500,0.0197,375.83,Home & Kitchen,,45,North,Organic,1
TX0295,1330,90.56,PPC,71524,9866,0.1398,477.3,Clothing,,22,West,Unknown,
TX0296,8263,118.18,Social Media,18288,8624,0.0674,236.37,Invalid,0,25,North,Direct,1
TX0297,9970,163.54,Influencer,51932,2846,0.0927,261.86,Invalid,1,44,West,,5
TX0298,2176,,Email,65549,4434,0.1005,87.96,Electronics,1,64,South,Social Media,5
TX0299,7765,102.53,Social Media,84667,5790,0.1386,438.23,Toys,,32,South,Organic,2
TX0300,7532,111.74,Unknown,84415,3111,0.1733,296.96,Clothing,1,,West,Direct,5
TX0301,7534,37.96,Affiliate,12437,4632,0.0196,107.74,Beauty,,54,East,,3
TX0302,1605,82.55,Email,76146,704,0.1184,419.19,Clothing,0,27,East,Direct,5
TX0303,2878,182.72,Social Media,12562,7967,0.0884,,Toys,1,57,North,,4
TX0304,7238,,Affiliate,35161,3094,0.0806,377.44,Clothing,1,24,East,Social Media,3
TX0305,5300,127.36,Email,12039,3621,0.0712,297.74,Home & Kitchen,,20,East,Organic,3
TX0306,7424,35.39,PPC,87917,2196,0.1697,424.87,Invalid,0,37,South,,1
TX0307,2418,199.86,Influencer,85515,1477,0.0472,250.04,Electronics,,18,South,Paid Ad,3
TX0308,8849,175.99,Influencer,90164,5724,0.0127,,Electronics,1,33,South,Paid Ad,2
TX0309,4202,,Affiliate,80117,4032,0.0754,335.73,Invalid,,44,East,,4
TX0310,9324,170.39,Social Media,62574,8461,0.0808,202,Beauty,1,38,West,Social Media,2
TX0311,6159,186.99,PPC,16018,876,0.0971,175.68,Home & Kitchen,,25,East,Organic,4
TX0312,8678,6.38,Social Media,13687,990,0.0999,,Home & Kitchen,1,39,South,,3
TX0313,1179,160.06,Unknown,16551,5516,0.0654,222.63,Toys,,45,East,Organic,1
TX0314,8302,131.89,Email,38454,5818,0.1456,219.5,Clothing,,57,West,Social Media,1
TX0315,8400,47.21,Unknown,82791,6210,0.0249,182.05,Electronics,,60,South,Social Media,3
TX0316,6688,,Influencer,3373,3362,0.1203,,Clothing,0,21,West,,2
TX0317,7770,,Affiliate,15051,2041,0.142,493.98,Electronics,1,53,West,,4
TX0318,7037,17.59,PPC,17901,793,,423.91,Invalid,,35,South,Direct,
TX0319,6462,,Social Media,18204,1038,0.0623,297.51,Toys,0,57,South,,3
TX0320,9508,154.65,Influencer,68883,9799,,494.83,Electronics,0,52,South,Social Media,2
TX0321,3578,164.95,PPC,51550,3260,0.1822,177.47,Home & Kitchen,,42,West,Paid Ad,4
TX0322,1956,56.5,Affiliate,44820,5827,0.0533,232.02,Beauty,1,43,North,Unknown,4
TX0323,7093,63.83,Email,67810,8177,0.139,,Beauty,,41,West,Social Media,
TX0324,6719,88.15,Influencer,9681,5374,0.1833,303.36,Toys,0,40,North,,5
TX0325,7452,39.16,Social Media,17565,2663,0.0869,456.9,Electronics,,26,West,Direct,4
TX0326,9578,83.14,Social Media,81158,4013,0.0193,252.23,Electronics,,,East,Direct,3
TX0327,7582,51.25,Affiliate,94142,2224,0.0822,108.79,Clothing,1,,North,Social Media,1
TX0328,2832,74.52,Email,81406,9279,0.1676,201.81,Beauty,,44,West,Direct,2
TX0329,7614,151.16,Unknown,32687,7968,0.1343,45.64,Electronics,,43,West,Organic,4
TX0330,4157,95.54,Email,72217,7598,0.1828,482.01,Clothing,0,39,West,Direct,4
TX0331,5292,182.28,Email,27235,3969,0.1908,266.49,Electronics,,43,West,Organic,2
TX0332,5666,78.65,Affiliate,71836,8976,0.0661,,Home & Kitchen,1,54,North,Paid Ad,3
TX0333,5962,66.87,Influencer,9606,6264,,,Toys,1,47,North,Paid Ad,4
TX0334,3821,147.43,Affiliate,68070,4765,0.0695,254.62,Home & Kitchen,0,61,North,,1
TX0335,7219,13.71,Email,87894,3596,0.0861,479.44,Beauty,1,42,South,Organic,1
TX0336,3448,72.65,Email,44027,6101,0.0217,406.76,Beauty,0,50,North,,5
TX0337,8831,145.31,PPC,28784,3268,0.1327,184.82,Invalid,,38,West,Direct,2
TX0338,7792,,Email,98483,3426,0.1685,,Electronics,0,21,West,Organic,1
TX0339,6077,184.04,Email,41957,5045,0.1532,360.06,Home & Kitchen,,48,West,,2
TX0340,4265,199.34,Influencer,94649,9809,0.1559,413.91,Clothing,,38,North,Paid Ad,3
TX0341,5905,110.01,Unknown,62928,5463,0.1825,186.67,Home & Kitchen,0,,North,Paid Ad,5
TX0342,7546,128.94,Social Media,25551,4932,0.0582,249.19,Home & Kitchen,1,,West,Social Media,
TX0343,1231,,Influencer,51130,6790,0.0699,331.17,Home & Kitchen,,53,West,,2
TX0344,9974,,Unknown,96209,5182,0.039,473.91,Beauty,,61,North,Social Media,1
TX0345,7186,18.5,Unknown,73039,9343,0.0858,390.59,Toys,,48,East,Organic,1
TX0346,9905,31.34,Influencer,40613,7066,0.1708,,Toys,1,29,East,Paid Ad,5
TX0347,5731,77.71,Affiliate,46790,1921,0.1271,147.7,Clothing,,60,South,,5
TX0348,9029,32.59,Influencer,73405,9738,0.0905,16.89,Toys,,55,East,,
TX0349,2240,134.64,Unknown,48877,9207,0.159,24.98,Clothing,0,24,East,,4
TX0350,2520,15.28,Email,69111,3287,0.0211,292.93,Toys,1,49,West,Organic,2
TX0351,1577,150.52,Unknown,17537,6534,0.0113,107.77,Home & Kitchen,1,18,South,Unknown,
TX0352,9721,128.22,Influencer,13446,4911,0.1282,122.12,Electronics,,43,East,Social Media,4
TX0353,5291,170.68,Influencer,34670,1583,0.0328,429.01,Electronics,,30,East,Paid Ad,4
TX0354,3471,99.93,Influencer,69442,8548,0.0184,122.92,Clothing,1,56,West,Social Media,4
TX0355,4000,168.13,Email,56434,4744,,419.58,Clothing,,24,South,,
TX0356,6266,16.57,Email,14911,6426,,251.11,Home & Kitchen,,21,West,Direct,3
TX0357,9368,,Influencer,87201,196,0.0911,17.43,Beauty,1,49,East,,3
TX0358,1425,42.92,Affiliate,51522,7038,0.1054,415.35,Beauty,1,46,North,Paid Ad,1
TX0359,6448,133.76,Affiliate,43942,5942,0.1806,11.78,Toys,0,40,South,Direct,2
TX0360,2057,112.03,Email,28775,7987,0.1218,454.69,Beauty,,36,South,Direct,3
TX0361,1056,54.79,Unknown,5249,4235,0.1858,392.54,Clothing,1,33,North,Paid Ad,5
TX0362,2101,173.55,Social Media,48420,1471,0.1194,245.05,Home & Kitchen,0,58,South,Organic,
TX0363,8254,41.74,Unknown,22956,9637,,136.81,Electronics,1,64,East,Direct,3
TX0364,3539,17.66,PPC,70645,3375,0.1439,54.52,Invalid,,43,South,Social Media,
TX0365,7857,102.1,Affiliate,65884,8511,,111.78,Invalid,1,36,North,Paid Ad,3
TX0366,2152,18.59,Affiliate,21747,5484,0.1595,,Beauty,,28,West,Organic,
TX0367,4915,7.82,Social Media,26067,1748,0.099,304.19,Electronics,0,19,North,Organic,2
TX0368,7484,182.74,Social Media,54682,571,0.1952,218.09,Clothing,1,49,West,Organic,1
TX0369,3230,137.57,Affiliate,54388,4741,0.0726,171.75,Invalid,,28,West,Organic,1
TX0370,9313,,Influencer,73521,976,0.1729,263.08,Electronics,0,61,East,Paid Ad,2
TX0371,1704,,Social Media,75468,4391,,,Beauty,0,34,South,Organic,4
TX0372,1014,108.36,Unknown,27930,118,0.1361,87.98,Home & Kitchen,,57,North,Social Media,4
TX0373,8909,79.03,PPC,63834,6724,0.0241,451.2,Home & Kitchen,0,48,West,Direct,
TX0374,4276,23.01,Unknown,27560,5845,0.1673,390.58,Toys,0,64,South,Direct,1
TX0375,2386,193.17,PPC,79973,7140,0.1441,86.86,Beauty,1,,North,Social Media,5
TX0376,3384,46.79,PPC,84890,1739,0.1971,,Beauty,0,44,North,Paid Ad,1
TX0377,6880,,Affiliate,18691,2182,0.1916,307.55,Clothing,,61,South,,
TX0378,6097,192.82,Email,53532,8407,0.0648,267.19,Clothing,,57,West,Direct,4
TX0379,8314,96.28,Influencer,25902,5054,0.024,439.03,Home & Kitchen,0,27,North,Direct,2
TX0380,9880,88.64,PPC,31708,3893,0.1461,,Toys,1,24,West,Organic,4
TX0381,4669,,Email,59809,4721,0.1637,40.07,Clothing,,30,North,Direct,1
TX0382,3961,,Affiliate,58644,6796,0.1906,223.61,Electronics,,23,North,Direct,3
TX0383,6990,18.04,PPC,85805,3391,0.0928,283.99,Toys,,35,West,Paid Ad,2
TX0384,3009,117.45,Influencer,20864,5033,0.1261,215.57,Clothing,0,20,East,Direct,5
TX0385,5216,46.67,PPC,89337,7794,0.1935,209.62,Home & Kitchen,,47,South,Direct,1
TX0386,6072,,Unknown,30510,4657,0.1301,296.8,Beauty,1,62,West,,
TX0387,1677,137.41,Email,87121,4078,0.063,36,Clothing,,45,West,Paid Ad,4
TX0388,8070,23.55,Email,58066,4474,0.079,,Clothing,,43,North,Organic,5
TX0389,4264,,Social Media,33341,6307,0.0577,154.66,Clothing,1,60,West,,2
TX0390,4921,64.86,Unknown,63193,2527,0.1752,198.41,Clothing,,30,East,,1
TX0391,4403,173.59,Affiliate,33180,3751,0.1016,187.9,Electronics,,33,North,Direct,5
TX0392,4410,151.8,Influencer,45002,8438,,89.76,Home & Kitchen,0,29,South,,2
TX0393,4249,74.46,Influencer,27856,2605,0.1969,121.59,Electronics,1,37,East,Organic,4
TX0394,4734,87.81,Email,2323,4580,,435.3,Invalid,,32,East,Paid Ad,1
TX0395,7507,,Influencer,3650,1191,0.0905,42.39,Clothing,,20,South,Organic,
TX0396,4606,20.24,Social Media,47343,9808,0.1431,314.03,Toys,0,28,West,,4
TX0397,6251,15.35,Email,9002,2041,0.1003,305.07,Home & Kitchen,1,41,North,Organic,2
TX0398,9201,148.32,Influencer,17393,7968,,26.94,Beauty,,19,West,Direct,1
TX0399,2779,76.66,Affiliate,34529,1156,0.1649,187.77,Electronics,1,27,West,Direct,
TX0400,3277,145.13,PPC,57426,4946,0.1028,150.3,Toys,,51,West,Organic,1
TX0401,5671,160.14,Social Media,47491,1555,0.1722,457.82,Electronics,,42,North,Social Media,2
TX0402,3521,180.09,Social Media,26794,1082,0.0741,173.93,Beauty,1,21,South,Unknown,2
TX0403,3580,,Social Media,89746,2982,0.0167,458.11,Toys,,42,North,Organic,2
TX0404,4813,,Email,82774,3667,0.0433,252.57,Home & Kitchen,0,37,West,Direct,
TX0405,7857,42.09,Social Media,85761,4255,0.0175,,Clothing,1,63,South,Organic,2
TX0406,4711,12.76,Affiliate,70643,7043,0.1741,240.9,Clothing,,18,West,Paid Ad,
TX0407,8509,76.59,Social Media,29397,5422,0.1193,280.89,Beauty,,51,West,Organic,1
TX0408,9726,14.42,Unknown,2221,9315,0.1741,342.12,Clothing,0,64,South,Organic,1
TX0409,3966,,Social Media,14578,1153,0.0645,230.74,Electronics,1,41,East,Direct,
TX0410,8742,41.61,Email,9366,6553,0.1384,361.7,Clothing,,53,East,Unknown,3
TX0411,8400,156.61,PPC,44619,InvalidData,0.0854,,Clothing,,55,East,Social Media,1
TX0412,3408,97.81,Email,67961,8087,0.0279,176.79,Home & Kitchen,1,45,South,Organic,5
TX0413,4072,95.85,Influencer,53174,1983,0.1718,367.24,Beauty,,43,West,Paid Ad,1
TX0414,6273,,Unknown,92202,331,0.1939,374.07,Home & Kitchen,1,64,North,Paid Ad,5
TX0415,6094,61.03,PPC,94142,8591,,,Toys,,39,East,Unknown,1
TX0416,8618,36.75,Unknown,44638,2485,0.0778,,Electronics,0,26,North,Paid Ad,1
TX0417,9733,43.94,Affiliate,40609,9870,0.0607,83.78,Home & Kitchen,,46,West,Paid Ad,1
TX0418,8815,127.04,Affiliate,33718,5034,0.149,,Electronics,0,41,West,Social Media,1
TX0419,1466,84.82,Affiliate,33450,4702,0.1511,,Toys,,20,North,Paid Ad,
TX0420,1439,141.98,Email,63419,7692,0.1242,212.18,Toys,1,56,South,,3
TX0421,5507,82.22,PPC,19328,1414,0.0885,137.46,Invalid,0,60,South,Direct,1
TX0422,6612,,Social Media,12955,3003,,221.6,Electronics,,36,East,,5
TX0423,7713,,PPC,42517,309,0.0149,109.74,Home & Kitchen,1,35,West,Organic,
TX0424,3448,117.61,PPC,36913,8906,0.1926,122.09,Toys,1,49,East,Direct,4
TX0425,7956,,Email,87451,1175,0.0408,37.89,Clothing,1,,South,Organic,1
TX0426,5022,,Unknown,72109,3023,0.1076,403.91,Toys,,56,South,Organic,5
TX0427,2346,,PPC,19086,904,0.0377,33.84,Electronics,,21,East,Organic,4
TX0428,5394,54.49,Influencer,28921,2078,0.1676,,Invalid,0,37,West,Social Media,5
TX0429,3744,35.61,Email,16843,2175,0.132,,Electronics,0,47,South,Paid Ad,2
TX0430,1604,87.98,Affiliate,2056,6581,0.1079,193.21,Electronics,1,62,South,,1
TX0431,6366,,Email,9713,3141,0.1749,,Toys,,62,East,Paid Ad,1
TX0432,7542,183.6,PPC,76606,9202,0.1406,14.34,Home & Kitchen,,50,North,Unknown,
TX0433,5126,,Unknown,9111,963,0.126,408.5,Toys,,,West,Social Media,2
TX0434,6197,76.89,Affiliate,61677,1437,,98.61,Toys,1,56,North,,5
TX0435,5543,,Unknown,36058,2568,0.1695,409.67,Beauty,,44,South,Social Media,2
TX0436,3192,85.51,Influencer,2065,2718,0.1386,329.44,Clothing,1,22,South,,2
TX0437,2870,151,Influencer,43264,540,,94.17,Electronics,,49,East,Paid Ad,4
TX0438,2471,134.26,Affiliate,19699,829,0.0468,197.04,Toys,,56,West,Organic,4
TX0439,6774,169.71,Affiliate,95598,5711,0.176,234.68,Clothing,0,62,South,Social Media,
TX0440,9135,45.7,Influencer,38568,4712,0.0368,398.32,Home & Kitchen,,65,South,Paid Ad,4
TX0441,4623,163.52,Affiliate,56165,3562,0.0354,356.24,Home & Kitchen,0,18,East,Social Media,4
TX0442,4800,87.66,Unknown,1476,766,0.1009,326.77,Beauty,0,27,East,Social Media,2
TX0443,8731,130.24,Influencer,78989,1010,0.0951,306.4,Beauty,,36,East,Social Media,5
TX0444,8841,176.43,Influencer,24613,3488,0.1189,84.43,Beauty,,,West,Social Media,2
TX0445,5599,143.17,Influencer,78341,8952,0.1012,326.95,Home & Kitchen,,45,West,,2
TX0446,3361,69.01,Influencer,88518,9198,0.0796,,Beauty,1,33,South,Direct,1
TX0447,9027,,Affiliate,37350,1048,0.1198,403.15,Home & Kitchen,,62,South,Organic,1
TX0448,2332,125.13,Email,15741,4863,0.1037,370.41,Home & Kitchen,1,18,North,Organic,2
TX0449,7006,8.06,Email,14100,6779,0.0568,72.66,Toys,,25,South,Organic,1
TX0450,9380,152.94,Affiliate,33287,2769,0.0555,365.69,Electronics,,45,South,,2
TX0451,9977,,Social Media,31477,7157,0.0188,132.55,Electronics,0,19,North,Social Media,5
TX0452,4372,,Social Media,69056,4586,0.1979,93.24,Beauty,,,North,Direct,1
TX0453,5532,9.81,Email,87400,9346,,,Home & Kitchen,,64,West,Paid Ad,3
TX0454,7871,,Affiliate,89041,5329,0.1252,,Beauty,0,,North,Organic,3
TX0455,4850,187.6,Email,56846,5840,0.1358,433,Toys,1,57,South,,3
TX0456,3230,163.61,Influencer,26442,8994,0.0159,113.31,Toys,1,,North,,1
TX0457,4423,,Affiliate,1409,2793,0.0978,42.79,Beauty,0,27,South,Organic,2
TX0458,1353,89.92,Unknown,11308,4850,0.1619,487.93,Clothing,,58,East,Direct,5
TX0459,5466,73.01,PPC,73072,5366,0.104,413.49,Clothing,0,19,South,Social Media,1
TX0460,9379,27.67,Email,33972,InvalidData,0.0509,347.73,Toys,0,61,West,Unknown,1
TX0461,6035,66.45,Affiliate,71605,6845,0.1417,452.65,Home & Kitchen,,61,East,,3
TX0462,2380,183.98,Influencer,78738,7603,0.1201,157.46,Home & Kitchen,0,52,West,Organic,1
TX0463,3419,39.48,Social Media,33849,1963,,323.02,Home & Kitchen,0,47,North,Paid Ad,1
TX0464,7405,134.35,Influencer,21144,3245,0.0879,29.32,Home & Kitchen,1,19,West,Paid Ad,5
TX0465,4424,12.41,Social Media,89471,1269,0.1037,418.86,Beauty,0,42,North,Direct,4
TX0466,9243,,Email,15016,InvalidData,0.0199,241.93,Toys,1,50,West,,
TX0467,1342,51.64,Unknown,32820,7313,,135.22,Invalid,1,23,South,Social Media,3
TX0468,3340,,Social Media,51376,645,0.1241,358.37,Toys,1,25,East,,
TX0469,5994,54.57,Influencer,9469,8598,0.0726,416.51,Home & Kitchen,1,58,West,Paid Ad,4
TX0470,3281,,Unknown,98798,9112,0.0377,172.53,Beauty,0,22,North,Social Media,3
TX0471,3505,147.52,Influencer,8685,6904,0.0872,,Electronics,,58,East,Social Media,3
TX0472,7334,116.98,Social Media,99104,545,0.0455,195.53,Toys,,45,East,Direct,2
TX0473,7028,157.89,Affiliate,25776,6946,0.1481,401.04,Electronics,0,32,North,Unknown,3
TX0474,2874,88.33,PPC,88126,3049,0.1181,453.08,Invalid,0,22,West,,
TX0475,1452,197.85,PPC,5713,781,,89.19,Beauty,1,28,West,Social Media,5
TX0476,4344,104.89,PPC,45808,861,0.1842,446.47,Electronics,0,33,North,Social Media,2
TX0477,5187,118.54,PPC,85818,3386,0.0453,229.64,Toys,0,58,South,Social Media,4
TX0478,4077,37.63,PPC,12785,8580,0.1021,31.54,Beauty,,45,West,Paid Ad,2
TX0479,1012,80.75,Influencer,75763,6843,0.1678,,Beauty,,63,West,Direct,
TX0480,9765,154,Influencer,87592,4106,0.0239,352.55,Clothing,,56,South,Direct,
TX0481,2361,158.58,Social Media,68159,7714,0.0507,200.61,Invalid,1,28,East,,3
TX0482,4923,129.79,Influencer,29734,7661,0.0696,,Clothing,1,41,East,Direct,5
TX0483,2340,93.65,Email,67223,4661,0.1114,140.24,Toys,1,54,North,Social Media,
TX0484,7768,178.14,Social Media,55322,2533,0.1122,68,Clothing,0,38,North,Direct,3
TX0485,2023,9.09,Affiliate,11673,1441,,484.96,Electronics,0,24,South,Paid Ad,1
TX0486,5180,26.11,Email,44499,6571,0.0182,362.16,Beauty,0,44,West,Organic,2
TX0487,7731,160.64,Influencer,68849,1207,0.1158,161.28,Beauty,1,23,West,Paid Ad,3
TX0488,7085,,Affiliate,15359,7025,0.0328,419.02,Beauty,0,35,East,Paid Ad,5
TX0489,8265,18.97,Influencer,5892,2777,0.1989,330.97,Beauty,1,19,West,Direct,1
TX0490,2660,118.89,Influencer,32142,6037,0.1415,359.87,Beauty,,18,South,,1
TX0491,5189,112.66,Unknown,18127,1228,,76.87,Toys,,50,East,Unknown,1
TX0492,7324,197.43,PPC,22386,8280,0.0703,,Beauty,,26,South,Social Media,2
TX0493,1908,,Affiliate,34212,5152,0.1274,351.78,Toys,,,East,Paid Ad,1
TX0494,5808,76,Email,89945,4152,0.1989,,Clothing,,28,North,Direct,3
TX0495,7735,122.55,Email,8138,8939,0.0225,494.8,Electronics,,53,West,Direct,1
TX0496,2086,114.2,Email,87416,3431,0.155,175.49,Invalid,,27,West,Organic,1
TX0497,1202,79.83,Affiliate,74377,306,,396.63,Home & Kitchen,,22,West,Direct,5
TX0498,2857,40.02,Email,55909,1839,0.188,85.5,Home & Kitchen,1,61,North,Social Media,5
TX0499,7399,25.43,Affiliate,92648,1935,0.1556,106.42,Toys,0,36,West,Paid Ad,4
TX0500,7505,196.4,Unknown,87657,7972,,485.83,Clothing,0,57,North,Paid Ad,
TX0501,7121,80.18,Social Media,19661,5057,0.1607,286.55,Beauty,,65,West,Direct,5
TX0502,3076,158.48,PPC,55722,1743,,258.94,Beauty,,24,North,Paid Ad,3
TX0503,6066,102.41,Email,12445,1723,0.0702,143.61,Electronics,,27,East,Direct,4
TX0504,6571,163.4,PPC,94587,1039,,277.17,Home & Kitchen,1,38,West,,3
TX0505,5286,,Affiliate,80228,8506,0.1444,464.69,Electronics,0,37,South,Direct,4
TX0506,5315,122.75,Influencer,20162,665,0.0861,246.8,Home & Kitchen,,41,West,Organic,5
TX0507,9253,107.59,Social Media,42379,3749,0.092,372.86,Clothing,,44,West,Direct,4
TX0508,5665,44.7,Influencer,78908,4845,0.1992,289.53,Clothing,,60,East,Organic,
TX0509,8545,167.73,Affiliate,29795,2997,0.0641,,Clothing,,51,East,Paid Ad,4
TX0510,7834,172.69,Social Media,16177,8326,,187.25,Toys,1,,North,,4
TX0511,9293,67.74,PPC,3540,898,0.1289,146.68,Home & Kitchen,,59,South,Social Media,2
TX0512,1959,,PPC,84447,174,0.1958,424.89,Beauty,0,24,North,Organic,
TX0513,9389,106.05,Affiliate,92983,1002,0.164,59,Invalid,,45,North,Direct,
TX0514,4109,,Affiliate,79864,6232,0.0896,364.11,Electronics,,39,West,Organic,5
TX0515,3866,63.4,Affiliate,29812,5186,0.0783,110.69,Toys,,22,South,Organic,4
TX0516,8157,24.29,Email,93244,2569,0.0444,,Invalid,,19,East,Paid Ad,3
TX0517,3299,,Unknown,65461,953,0.0474,218.97,Beauty,,21,North,Organic,
TX0518,6588,126.25,Influencer,78658,4866,0.0105,,Beauty,1,51,West,Social Media,4
TX0519,8189,146.28,Email,48973,319,0.1807,,Home & Kitchen,,39,West,Paid Ad,3
TX0520,9845,,Email,99881,6696,0.096,178.42,Clothing,,53,West,Organic,3
TX0521,4425,168.79,Influencer,22742,3800,0.1636,,Electronics,,45,North,Direct,
TX0522,1753,126.39,Influencer,20021,5403,0.1228,155.08,Home & Kitchen,0,23,North,Paid Ad,2
TX0523,2072,,Affiliate,4313,5819,0.132,170.41,Electronics,,31,South,Unknown,3
TX0524,3994,91.11,Social Media,23565,8570,0.143,439.81,Invalid,0,25,West,,5
TX0525,9537,155.42,Affiliate,73692,3379,0.0763,117.5,Electronics,,49,East,Organic,3
TX0526,2117,191.74,Social Media,94309,3496,0.1342,71.36,Home & Kitchen,,29,North,Social Media,1
TX0527,9567,,Affiliate,45185,7355,0.1635,442.13,Toys,,,South,Paid Ad,1
TX0528,6329,129.16,Social Media,51439,252,0.1342,493.12,Clothing,0,30,East,,5
TX0529,6655,,PPC,99054,8091,0.0138,34.09,Toys,1,47,East,Direct,
TX0530,4990,50.86,Social Media,58614,597,0.1382,13.48,Home & Kitchen,0,38,East,Organic,2
TX0531,7319,155.83,Affiliate,29276,9474,0.111,424.22,Beauty,,60,West,Organic,4
TX0532,4017,166.58,Influencer,37961,6401,0.0173,339.18,Toys,1,24,South,Paid Ad,3
TX0533,1956,,Email,64237,4397,0.0388,443.54,Invalid,,49,West,Paid Ad,2
TX0534,2791,,Influencer,56040,5894,,344.2,Electronics,,60,East,Direct,2
TX0535,8851,85.64,Social Media,14840,814,0.1955,325.64,Electronics,1,31,East,Direct,4
TX0536,8179,,Email,67744,6409,0.0259,194.26,Home & Kitchen,0,18,East,,5
TX0537,2577,92.18,PPC,97879,2748,0.0946,254.02,Beauty,0,,North,Organic,2
TX0538,7608,147.33,Influencer,64044,1551,0.02,227.26,Clothing,,43,North,Organic,5
TX0539,7182,110.04,Unknown,97588,6952,0.0773,92.13,Beauty,1,63,West,Organic,5
TX0540,2293,85.85,PPC,7340,9232,0.1289,94.19,Home & Kitchen,1,33,South,Organic,2
TX0541,5239,163.03,Email,70567,4398,0.1828,256.35,Home & Kitchen,,,North,Social Media,4
TX0542,9333,172.03,Social Media,93434,6315,0.1632,153.41,Electronics,0,56,South,Direct,
TX0543,5947,94.87,PPC,21064,1582,0.175,256.26,Toys,1,20,West,Paid Ad,
TX0544,3771,157.7,Unknown,6723,4716,0.088,,Clothing,1,39,West,Paid Ad,4
TX0545,9981,121.26,Affiliate,84138,2575,0.0876,493.18,Electronics,,,West,Social Media,1
TX0546,5775,85.17,Social Media,55332,5623,0.0961,179.29,Beauty,,29,West,Organic,5
TX0547,5022,126.6,Email,17562,4322,,389.03,Home & Kitchen,,24,South,Organic,3
TX0548,8347,48.75,Unknown,80859,5958,0.0447,194.78,Clothing,,44,East,,2
TX0549,3648,,PPC,13455,8983,0.175,420.08,Beauty,1,45,West,Direct,2
TX0550,6950,164.92,Email,35586,2217,0.1819,318.79,Invalid,1,51,West,Direct,3
TX0551,1344,100.33,PPC,76346,7985,0.1455,24.11,Clothing,,37,North,Organic,2
TX0552,9751,53.3,PPC,30888,InvalidData,0.1682,,Electronics,1,60,North,Organic,2
TX0553,4320,,Social Media,57159,7453,,124.65,Home & Kitchen,0,18,South,,5
TX0554,3447,23.37,Influencer,46024,806,0.0261,116.93,Clothing,1,57,North,,5
TX0555,4137,9.25,Email,94249,9246,0.0643,94.59,Clothing,0,55,West,Unknown,4
TX0556,6698,,Affiliate,6489,7480,0.084,283.25,Beauty,0,50,South,,1
TX0557,3776,,Influencer,1392,5365,0.1261,295.78,Beauty,,19,South,Social Media,1
TX0558,4024,,Unknown,77905,1665,0.1918,,Invalid,0,59,South,Paid Ad,3
TX0559,5311,142.21,Social Media,55459,1174,0.0918,385.82,Home & Kitchen,1,30,North,Social Media,4
TX0560,2415,32.45,Email,38699,2365,0.0471,478.03,Toys,,34,East,Direct,1
TX0561,4253,116.49,Influencer,62940,2824,0.0987,250.44,Clothing,,41,North,Social Media,
TX0562,6718,53.7,Email,42399,7303,,433.82,Home & Kitchen,0,45,North,Direct,4
TX0563,2012,171.75,Email,23905,3755,0.1732,,Toys,0,50,West,Organic,1
TX0564,8988,77.4,Social Media,68833,2296,0.0898,,Beauty,,45,West,Direct,5
TX0565,8344,177.97,Unknown,67003,8777,0.0447,157.66,Beauty,1,60,North,Direct,
TX0566,7710,,Influencer,94030,8355,0.1607,32.17,Beauty,1,52,South,,4
TX0567,4358,,PPC,25961,7011,0.0887,281.82,Clothing,1,56,South,Social Media,1
TX0568,6208,,Social Media,29691,5703,0.1639,452.33,Toys,1,55,North,Organic,
TX0569,5756,113.18,Affiliate,86066,5082,,,Invalid,,49,East,Social Media,4
TX0570,7827,192.1,Affiliate,5294,104,0.1238,384.86,Home & Kitchen,,49,North,Paid Ad,1
TX0571,8222,41.99,Affiliate,70184,5126,,129.17,Electronics,1,57,South,Social Media,2
TX0572,5150,,Unknown,76693,6108,0.1062,117.32,Home & Kitchen,1,38,West,Social Media,5
TX0573,5787,190.99,Unknown,2537,195,0.1263,197.2,Home & Kitchen,,,East,Paid Ad,4
TX0574,8343,,Email,84467,4006,0.1979,439.09,Electronics,1,59,West,Organic,2
TX0575,6647,148.17,Social Media,25374,9108,0.1293,,Clothing,0,58,North,,3
TX0576,9629,119.44,Social Media,89450,5159,0.0913,428.25,Clothing,,45,East,Direct,5
TX0577,2524,38.46,Email,72098,2578,0.0612,119.7,Toys,,62,East,Organic,2
TX0578,8989,89.48,Affiliate,83857,1542,,416.19,Electronics,,,East,,1
TX0579,5269,149.26,Unknown,63595,1368,0.098,388.52,Beauty,1,,North,Paid Ad,3
TX0580,2259,49.75,Social Media,79766,5923,0.1111,403.17,Toys,,45,West,Direct,3
TX0581,4531,82.76,Social Media,21679,1875,,287.61,Home & Kitchen,,27,North,Paid Ad,2
TX0582,4407,88.81,PPC,53557,1457,,179.81,Beauty,,20,West,Paid Ad,
TX0583,7949,55.94,Influencer,93224,3895,,251.57,Beauty,0,,West,Paid Ad,1
TX0584,6524,106.3,Social Media,12898,1188,0.1777,324.97,Clothing,1,46,North,Direct,2
TX0585,2303,120,Unknown,52508,4045,0.1629,385.71,Home & Kitchen,1,38,South,Paid Ad,2
TX0586,8234,59.67,PPC,19138,7708,0.1071,121.3,Electronics,,30,East,,5
TX0587,3757,103.73,PPC,80505,5461,0.065,56.08,Electronics,,23,West,Paid Ad,3
TX0588,4554,30.12,Influencer,69956,7214,0.0917,69.45,Toys,,58,North,,1
TX0589,5389,46.2,Email,4597,5994,0.1154,210.97,Clothing,,40,South,Direct,3
TX0590,9833,76.93,Influencer,92864,3688,0.1513,193.1,Electronics,,57,North,,3
TX0591,5068,,Influencer,21568,4385,0.053,198.72,Electronics,1,34,North,Paid Ad,
TX0592,8123,84.71,Affiliate,2976,4875,0.0629,170.79,Beauty,0,55,West,Social Media,4
TX0593,6596,,Email,35529,4071,0.0254,376.7,Electronics,1,19,North,Organic,
TX0594,9179,,Influencer,29916,5683,0.1318,85.12,Home & Kitchen,0,48,South,Social Media,1
TX0595,2975,111.46,Email,62938,7755,0.1027,405.31,Electronics,,32,West,Direct,2
TX0596,2512,20.25,Unknown,60968,InvalidData,0.1005,,Home & Kitchen,0,55,East,Paid Ad,1
TX0597,5377,144.19,Unknown,18618,7678,0.0735,152.44,Electronics,,54,East,Organic,4
TX0598,7955,,Affiliate,90191,5643,0.1478,,Toys,1,21,West,Organic,2
TX0599,5106,78.12,Influencer,74157,5628,0.083,474.37,Beauty,,53,North,Direct,1
TX0600,9026,41.99,Unknown,64666,1678,0.0807,,Electronics,1,41,East,Paid Ad,2
TX0601,1432,58.89,Affiliate,53373,8620,0.0167,492.57,Beauty,1,49,North,Organic,1
TX0602,4566,24.43,PPC,43050,3433,0.0605,144.22,Beauty,1,25,West,,3
TX0603,8246,23.85,Influencer,67902,6280,0.0564,163.95,Beauty,,59,South,Paid Ad,3
TX0604,5916,,Influencer,43711,8576,0.0504,285.42,Home & Kitchen,0,32,East,Direct,4
TX0605,7917,173.72,PPC,17132,3162,0.0526,414.89,Electronics,0,49,East,Unknown,2
TX0606,6148,64.81,Social Media,57682,9183,0.1053,64.36,Home & Kitchen,1,38,North,Paid Ad,1
TX0607,4609,113.98,PPC,98547,9233,,314.16,Toys,,26,South,Social Media,5
TX0608,6814,68.29,Social Media,76780,4849,0.1715,,Clothing,,38,North,Organic,
TX0609,5157,29.95,Influencer,52374,3584,0.0884,387.55,Toys,,19,West,,1
TX0610,7908,184.84,Unknown,68239,5026,0.1013,65.97,Beauty,0,39,West,Direct,4
TX0611,3353,40.52,Email,31152,7461,0.187,197.5,Toys,0,65,North,,3
TX0612,4524,165.67,Social Media,62525,9780,0.1715,35.5,Home & Kitchen,,26,North,Social Media,1
TX0613,3740,85.9,Influencer,52361,1633,0.0641,261.98,Beauty,,40,West,Social Media,5
TX0614,9965,88.24,Social Media,51600,8610,0.0488,108.79,Clothing,,58,East,Organic,
TX0615,9317,168.22,Unknown,30663,6523,,76.67,Toys,,42,East,Unknown,2
TX0616,4952,121.22,Unknown,84107,8981,0.1673,175.31,Home & Kitchen,0,58,East,Social Media,5
TX0617,1801,8.46,PPC,67484,1840,0.1768,116.41,Beauty,1,41,North,Social Media,1
TX0618,6717,146.05,Social Media,72892,8588,0.0474,,Beauty,1,43,West,Paid Ad,2
TX0619,5198,113.26,Unknown,82261,3938,0.019,,Clothing,0,19,North,,4
TX0620,8874,126.39,Influencer,24902,8347,0.1681,24.38,Electronics,,27,West,Direct,3
TX0621,3712,48.46,Affiliate,56839,6007,0.0158,92.53,Beauty,,45,South,Social Media,2
TX0622,4035,20.34,PPC,37409,1352,0.0898,463.94,Clothing,0,49,North,Direct,1
TX0623,5610,,PPC,49299,7787,0.035,405.98,Invalid,1,27,North,Direct,
TX0624,4198,,Unknown,43716,8835,0.0829,362.08,Clothing,,37,South,Organic,5
TX0625,3055,102.18,Influencer,63606,225,,98.21,Home & Kitchen,0,63,West,Paid Ad,4
TX0626,9508,163.75,Influencer,58752,7407,0.111,76.71,Toys,,23,East,Direct,3
TX0627,9794,92.39,Influencer,43222,5143,,174.67,Toys,,32,West,Organic,1
TX0628,1350,197.89,Email,88626,9633,0.1091,35.4,Electronics,1,53,West,Social Media,3
TX0629,8383,59.27,Social Media,50668,1770,0.1942,137.16,Beauty,,33,West,Unknown,5
TX0630,8645,50.37,PPC,26075,6815,,,Home & Kitchen,0,28,South,Paid Ad,
TX0631,5986,,Unknown,36150,1668,0.0404,284.2,Electronics,0,30,South,Direct,3
TX0632,8659,134.18,Influencer,16116,6554,,,Clothing,0,54,South,Social Media,5
TX0633,3504,171.15,Influencer,61645,5825,0.1595,152.68,Beauty,1,65,South,Direct,
TX0634,5406,61.12,Email,65119,691,0.1656,475.34,Toys,1,39,North,Organic,3
TX0635,3047,,PPC,54541,9564,0.0637,186.7,Clothing,1,29,East,Organic,5
TX0636,2999,185.41,Unknown,57863,8395,0.0196,,Clothing,0,43,North,Paid Ad,5
TX0637,8640,103.42,Unknown,96715,4724,0.1149,169.86,Beauty,1,54,West,,4
TX0638,3900,104.81,Social Media,59035,6602,0.1,443.07,Clothing,,54,West,Organic,1
TX0639,9894,87.97,Social Media,59007,3462,0.1977,,Invalid,0,62,South,Direct,2
TX0640,8358,132.28,PPC,78831,576,0.1361,162.03,Toys,1,26,East,,
TX0641,5316,66.79,Influencer,62108,1297,0.0241,160.87,Beauty,1,25,West,,1
TX0642,3758,160.22,Email,58945,9753,,251.56,Toys,,60,East,Direct,3
TX0643,8715,194.21,Email,22365,4187,0.0281,123.99,Beauty,,64,South,,1
TX0644,9635,32.06,Email,20951,2371,0.0242,,Toys,1,59,North,Direct,5
TX0645,8854,171.72,Affiliate,31292,4172,0.0615,348.14,Toys,,29,North,Organic,4
TX0646,5774,,Unknown,69293,7100,,280.21,Toys,1,53,North,Unknown,2
TX0647,6624,77.62,PPC,92019,197,0.1357,180.15,Invalid,,28,West,Social Media,1
TX0648,5259,175.47,Affiliate,45849,1341,0.0736,373.29,Toys,1,41,West,,2
TX0649,1789,16.2,Email,53258,1900,0.108,,Beauty,1,,South,Paid Ad,3
TX0650,2951,115.48,Influencer,37244,5385,0.0603,,Beauty,,18,North,Direct,3
TX0651,3380,143.74,Unknown,93392,7604,0.142,,Clothing,1,53,East,Direct,3
TX0652,5760,64.31,Email,69651,4384,0.031,227.52,Clothing,,31,North,Organic,2
TX0653,7549,184.49,Email,79414,5053,0.0887,,Beauty,,18,North,Organic,4
TX0654,1770,41.16,Influencer,56157,6712,0.0268,488.8,Invalid,,44,West,Social Media,1
TX0655,7225,138.69,Influencer,45123,9346,0.0778,340.58,Clothing,1,,North,Paid Ad,5
TX0656,5413,19.19,Unknown,94259,4538,,122.9,Clothing,0,20,South,,
TX0657,6522,136.36,PPC,74397,9916,0.1483,392.76,Electronics,,23,South,Direct,3
TX0658,2831,68.71,Influencer,80256,380,0.1478,387.85,Clothing,0,,South,Organic,1
TX0659,5711,54.82,Affiliate,20726,1518,,24.03,Toys,,20,East,Social Media,
TX0660,6886,110.08,Social Media,85399,9253,0.1255,77.13,Clothing,,32,North,Social Media,4
TX0661,2624,63.87,PPC,64513,313,0.1754,317.94,Beauty,,22,East,Paid Ad,4
TX0662,7774,,PPC,30812,6140,0.0251,312.47,Electronics,,37,North,Direct,
TX0663,3678,144.19,Email,96744,6500,0.0924,56.07,Toys,,,West,Direct,1
TX0664,5754,105.65,Social Media,19394,688,0.1086,379.43,Beauty,,63,South,,5
TX0665,9891,158.24,Influencer,72644,3505,0.0502,,Electronics,,58,West,Organic,5
TX0666,9736,149.99,PPC,66036,8499,0.1591,235.24,Home & Kitchen,1,33,North,Direct,4
TX0667,6247,137.73,Email,44277,663,0.1435,434.2,Toys,,,West,Paid Ad,
TX0668,3771,136.4,Influencer,91219,5700,0.1208,125.42,Home & Kitchen,,,North,,4
TX0669,4900,114.2,Social Media,61463,4512,0.1944,374.69,Beauty,,26,South,,2
TX0670,3189,76.55,Affiliate,12769,4994,0.0617,32.36,Toys,0,30,East,,2
TX0671,6627,181.99,Email,59086,1772,0.1265,484.18,Home & Kitchen,0,45,East,,2
TX0672,9801,193.2,Affiliate,42173,4462,0.128,72.38,Toys,1,40,North,Paid Ad,4
TX0673,2841,117,Influencer,40336,5664,0.1149,,Electronics,0,35,East,Paid Ad,3
TX0674,5659,52.83,Social Media,75662,410,,242.67,Beauty,,55,East,Social Media,4
TX0675,9652,131.93,Influencer,99113,8676,0.1465,55.87,Electronics,1,29,East,Direct,3
TX0676,8198,66.72,Affiliate,75916,5598,0.0217,,Home & Kitchen,0,39,South,Organic,5
TX0677,1918,118.56,Social Media,44199,2960,0.0335,373.61,Clothing,,57,North,Organic,4
TX0678,5207,49.85,Unknown,11335,7250,0.018,68.35,Beauty,,18,West,Direct,5
TX0679,9575,45.61,PPC,74199,5152,,369.07,Beauty,1,48,East,Direct,1
TX0680,7256,,PPC,93646,9484,0.1889,142.65,Beauty,1,51,South,Paid Ad,5
TX0681,6035,7.9,PPC,94272,5459,0.1461,426.37,Clothing,,44,South,Unknown,3
TX0682,1844,50.18,Influencer,25152,690,,169.96,Toys,1,,East,Paid Ad,5
TX0683,7603,67.2,PPC,40507,333,0.1039,180.2,Toys,0,38,West,Social Media,3
TX0684,5532,153.45,Influencer,18899,4612,0.1774,456.72,Toys,1,61,East,Direct,3
TX0685,9916,41.64,Influencer,23368,5953,0.112,193.79,Toys,,62,South,Organic,
TX0686,6642,182.2,PPC,64846,6477,0.0806,385.67,Home & Kitchen,,49,North,Organic,
TX0687,3611,40.94,Influencer,32204,2618,,360.65,Beauty,,,East,Social Media,
TX0688,6412,40.95,Social Media,46675,127,0.1948,,Clothing,,36,South,Social Media,1
TX0689,8693,173.83,Affiliate,70226,2719,0.1734,155.96,Electronics,,58,East,Social Media,
TX0690,2385,,Influencer,16949,4990,0.041,454.79,Electronics,1,56,East,Social Media,4
TX0691,4542,122.52,Affiliate,17339,8681,0.0662,14.07,Invalid,,19,West,Paid Ad,5
TX0692,7251,113.99,PPC,20401,7293,0.0494,472.31,Electronics,0,43,South,Organic,5
TX0693,3494,187.16,PPC,9380,3603,0.1561,256.34,Clothing,1,60,South,Direct,3
TX0694,9157,,Unknown,21400,7262,0.01,205.9,Beauty,0,65,West,,4
TX0695,4572,196.08,Influencer,10227,7933,0.165,53.28,Electronics,,36,North,Direct,4
TX0696,7698,,Unknown,32322,InvalidData,0.0515,430.44,Toys,,33,South,,
TX0697,3888,62.25,Email,63096,5280,0.1091,309.42,Clothing,0,,North,Social Media,3
TX0698,7155,188.76,PPC,72302,748,0.0135,76.7,Toys,1,65,North,Paid Ad,
TX0699,3281,158.24,PPC,32861,6359,0.188,272.4,Beauty,,27,East,Paid Ad,5
TX0700,9602,151.35,Influencer,12999,9070,0.1584,60.6,Clothing,,,South,,
TX0701,3054,180.13,Influencer,2381,7504,0.0209,467.11,Home & Kitchen,0,37,North,Organic,3
TX0702,3938,14.65,Social Media,64569,1545,0.0417,45.91,Beauty,,56,West,Unknown,2
TX0703,7453,119.91,Social Media,19093,7279,0.0343,292.49,Electronics,0,49,North,Direct,3
TX0704,7585,57.09,Email,66012,8590,0.1399,157.27,Beauty,0,53,East,Social Media,
TX0705,2187,31.05,Affiliate,62900,6867,0.0133,417.64,Beauty,,44,South,,5
TX0706,3104,11.43,Email,68025,9199,,,Home & Kitchen,1,26,East,,
TX0707,7997,72.36,Email,77367,1926,0.0695,337.94,Home & Kitchen,,37,West,Organic,3
TX0708,9060,143.17,Social Media,55642,8659,0.1437,173.29,Toys,1,38,West,Organic,3
TX0709,3680,61.92,Social Media,51905,571,0.0432,427.52,Electronics,1,22,North,Social Media,1
TX0710,1829,162.35,PPC,42085,8279,0.0816,191.89,Beauty,0,37,North,,2
TX0711,6999,26.64,PPC,58038,9749,,151.24,Clothing,1,19,East,Direct,1
TX0712,6806,124.85,Influencer,81463,1624,,262.59,Home & Kitchen,,50,East,,3
TX0713,4925,122.49,Affiliate,11050,6322,0.1349,171.73,Electronics,,61,West,Paid Ad,2
TX0714,5348,,Email,28633,9185,0.16,485.56,Electronics,,63,North,Paid Ad,2
TX0715,2163,160.67,Email,87328,4088,0.0875,176.7,Toys,0,45,South,,
TX0716,3171,,Social Media,53185,551,0.0835,363.5,Home & Kitchen,1,41,South,Paid Ad,1
TX0717,6286,,PPC,39199,1228,0.0451,401.12,Electronics,1,37,North,Organic,4
TX0718,7664,157.62,Email,91117,4552,0.0683,146.96,Electronics,1,65,West,Paid Ad,1
TX0719,1854,83.09,PPC,97044,1482,0.0107,109.8,Toys,0,46,North,Organic,3
TX0720,6418,60.89,Affiliate,37326,1259,0.0609,159.19,Home & Kitchen,1,60,South,Social Media,5
TX0721,8648,27.39,Affiliate,84517,3666,0.1135,299.28,Electronics,,51,South,Organic,2
TX0722,5392,173.85,Social Media,79726,3083,,466.98,Electronics,1,50,East,Social Media,2
TX0723,3952,43.83,Email,40013,9132,0.082,,Clothing,,38,East,Direct,
TX0724,3328,,Social Media,66609,8988,0.1409,315.13,Clothing,,51,East,,2
TX0725,4068,190.9,Email,18332,2132,0.0144,390.15,Electronics,,41,West,Social Media,4
TX0726,2621,153.51,Social Media,97690,4717,0.151,464.97,Clothing,0,,North,Paid Ad,
TX0727,8592,84.75,Email,11641,5533,0.1832,185.64,Beauty,1,33,East,Social Media,2
TX0728,9392,53.77,Email,94362,InvalidData,0.1849,438.26,Electronics,0,33,North,Organic,
TX0729,5490,198.92,Influencer,94252,2843,0.0777,243.53,Electronics,,32,South,Paid Ad,4
TX0730,5218,87.72,Unknown,62712,5091,0.0612,197.19,Electronics,,,South,Direct,2
TX0731,1515,45.68,Affiliate,61471,8578,0.0904,314.26,Electronics,,38,West,,4
TX0732,2428,54.66,PPC,89193,3151,0.1184,,Clothing,,37,North,Paid Ad,1
TX0733,9765,140.36,Email,90224,3751,0.1614,476.23,Beauty,1,26,South,Paid Ad,4
TX0734,2320,39.77,PPC,63078,553,0.1806,150.82,Beauty,1,52,West,Organic,1
TX0735,5600,138.97,Social Media,55932,9743,0.1416,,Clothing,,47,East,Organic,3
TX0736,8141,177.63,Email,1812,2826,0.1059,362.64,Toys,1,64,North,Social Media,2
TX0737,9225,176.76,Affiliate,16571,3967,0.0853,397.25,Invalid,0,18,South,Social Media,4
TX0738,1412,159.7,PPC,32631,9024,0.136,314.32,Electronics,1,29,North,Direct,5
TX0739,9138,42.65,Influencer,62400,9276,0.1455,18.68,Clothing,1,53,West,Social Media,1
TX0740,2497,,Social Media,15322,3456,0.1344,73.69,Electronics,0,32,South,Social Media,
TX0741,5273,124.42,Unknown,33597,7274,0.1853,420.11,Toys,0,39,North,Organic,2
TX0742,3949,162.09,Influencer,8740,9970,0.04,322.92,Electronics,0,33,East,Organic,5
TX0743,8165,190.86,Social Media,10290,7387,0.0144,167.16,Clothing,0,49,East,Organic,5
TX0744,9379,58.09,Social Media,55507,7918,0.1875,219.65,Home & Kitchen,,34,East,,3
TX0745,8587,146.88,Social Media,80503,7204,,315.64,Clothing,1,65,North,Organic,1
TX0746,5462,190.74,Social Media,38571,1190,0.1866,196.38,Toys,,34,West,Social Media,2
TX0747,8876,175.76,Unknown,68962,1053,0.021,447.24,Electronics,1,52,South,Social Media,2
TX0748,2962,109.8,Influencer,94616,5839,0.0691,470.31,Invalid,,23,East,Unknown,1
TX0749,7552,72.17,PPC,43048,5613,0.1713,311.66,Home & Kitchen,,23,East,Social Media,3
TX0750,3413,108.1,Email,46536,9521,0.0553,,Toys,,32,South,Unknown,5
TX0751,7728,143.26,Affiliate,90521,7184,0.0879,242.19,Clothing,,32,South,,
TX0752,7236,191.06,Influencer,2529,4834,0.0313,115.55,Clothing,1,64,North,Social Media,3
TX0753,2691,64.39,Affiliate,97380,4767,0.0137,243.2,Electronics,,41,West,Direct,4
TX0754,8727,74.62,Social Media,32366,7247,0.0426,212.38,Clothing,,63,South,Social Media,1
TX0755,9003,72.28,PPC,60020,6234,0.181,457.53,Electronics,,43,North,Organic,5
TX0756,2084,192.89,Influencer,72793,1567,0.1528,102.94,Toys,1,21,East,Unknown,
TX0757,1518,137.17,Unknown,85442,2156,0.1431,108.06,Toys,0,55,East,Unknown,1
TX0758,1083,81.9,PPC,96543,5084,,264.03,Electronics,1,39,East,Paid Ad,4
TX0759,6213,21.71,Social Media,82485,1314,0.171,11.29,Toys,0,56,West,,2
TX0760,4376,,Affiliate,14122,5718,0.1446,,Clothing,,19,West,Paid Ad,4
TX0761,9931,29.24,Influencer,44651,5720,0.1663,67.29,Clothing,1,36,West,Direct,1
TX0762,3949,62.26,PPC,24590,520,0.0977,409.73,Home & Kitchen,,55,East,Direct,4
TX0763,5892,140.67,Influencer,65486,4313,0.1413,421.77,Home & Kitchen,0,32,South,Direct,3
TX0764,7918,,PPC,41212,6217,0.143,30.95,Home & Kitchen,,51,West,,3
TX0765,5744,71.33,PPC,59053,9083,0.1938,399.77,Home & Kitchen,1,40,East,Social Media,2
TX0766,5125,95.71,PPC,22906,2047,0.1249,274.46,Toys,,52,East,Direct,2
TX0767,1925,,Influencer,16454,965,0.106,64.83,Invalid,1,55,East,Unknown,1
TX0768,6107,16.53,Social Media,3955,2632,0.0901,336,Beauty,,38,North,Social Media,4
TX0769,7054,,Affiliate,13747,2528,0.1462,370.67,Invalid,,26,West,,5
TX0770,9068,123.91,Affiliate,65818,9562,0.1069,11.16,Home & Kitchen,,64,North,Direct,1
TX0771,6581,140.38,Social Media,39869,2898,0.0275,88.01,Toys,0,19,South,Paid Ad,3
TX0772,1764,55.08,Social Media,53919,8196,0.1646,488.97,Toys,,22,West,,2
TX0773,3533,,Email,83456,1678,0.0286,,Clothing,1,27,West,Direct,3
TX0774,6827,138.67,PPC,80769,InvalidData,0.0842,258.94,Beauty,,49,North,,4
TX0775,9083,189.83,Influencer,90732,4067,0.0532,82.08,Home & Kitchen,,38,East,Direct,2
TX0776,7516,,Social Media,20374,3307,0.0327,386.59,Electronics,0,29,West,Social Media,1
TX0777,8980,114.05,Affiliate,64854,6882,0.076,177.31,Beauty,,34,East,Organic,5
TX0778,2837,179.87,Affiliate,87204,6612,0.1309,260.89,Home & Kitchen,,33,North,Direct,2
TX0779,6636,63.93,Email,5202,2763,,,Clothing,1,,East,Paid Ad,1
TX0780,6217,187.73,Affiliate,24202,6859,0.1857,320.32,Toys,0,26,North,Organic,4
TX0781,6178,193.13,PPC,34537,4334,0.186,422.27,Home & Kitchen,,62,North,,2
TX0782,7086,56.59,Email,15442,6286,,151.11,Electronics,,56,North,Social Media,1
TX0783,3618,176.07,Unknown,73230,2127,0.1341,,Electronics,0,34,South,,3
TX0784,6477,153.26,Influencer,46683,2728,0.0259,303.23,Clothing,,60,North,Organic,2
TX0785,5530,151.79,Affiliate,62523,4689,0.1571,312.87,Clothing,0,23,West,,2
TX0786,7275,39.85,Social Media,53455,8219,0.1702,91.11,Clothing,,65,East,Social Media,3
TX0787,1088,25.26,Influencer,5014,770,0.148,362.86,Toys,1,46,North,,
TX0788,6081,151.73,Social Media,59167,182,0.0214,331.95,Clothing,1,20,East,Organic,2
TX0789,8177,,PPC,68741,6391,0.0316,41.51,Toys,1,36,East,Organic,4
TX0790,9276,,Influencer,5752,7197,0.0365,32.91,Beauty,,28,South,Social Media,3
TX0791,7773,72.46,PPC,48280,7654,0.1863,96.9,Clothing,,52,North,,3
TX0792,6821,91.38,Affiliate,98280,1929,0.0107,419.39,Toys,,62,South,Direct,
TX0793,7000,139.51,PPC,72411,439,0.0782,361.52,Beauty,1,62,East,Paid Ad,4
TX0794,5088,13.91,Social Media,41723,8412,0.0823,293.5,Electronics,,28,East,Paid Ad,2
TX0795,9879,139.08,Unknown,87030,2104,0.0486,55.71,Electronics,0,39,North,Paid Ad,2
TX0796,3491,46.12,Social Media,65175,9424,0.0354,313.56,Beauty,,46,North,Direct,3
TX0797,5779,61.33,Email,68321,InvalidData,0.1281,88.05,Toys,,64,West,Social Media,2
TX0798,2266,91.76,Email,42237,1302,,,Clothing,,36,South,Social Media,3
TX0799,7176,187.39,Unknown,99794,962,0.0594,129.36,Toys,1,38,South,Social Media,
TX0800,2555,98.03,PPC,96106,8433,0.1353,336.06,Invalid,1,37,East,Paid Ad,4
TX0801,3349,163.51,Email,45621,InvalidData,0.0143,488.45,Beauty,,57,North,,1
TX0802,2198,23.9,Social Media,54907,1060,0.0786,,Electronics,,42,North,Paid Ad,4
TX0803,4650,180.06,Affiliate,45918,358,0.1296,,Clothing,,65,South,Organic,3
TX0804,5739,83.48,Email,92598,3385,0.1156,,Toys,,39,East,Organic,2
TX0805,8561,187.95,Unknown,79575,9609,0.1616,250.68,Electronics,,,West,Organic,
TX0806,7459,103.9,Affiliate,75832,8124,0.0307,280.53,Clothing,,35,South,Organic,3
TX0807,8927,154.3,Email,66064,1082,0.0699,37.25,Home & Kitchen,,56,South,,5
TX0808,2107,181.35,Social Media,9405,9402,0.1158,111.9,Clothing,,51,West,Organic,2
TX0809,7836,141.48,PPC,35996,1105,0.1786,343.47,Clothing,,23,West,Paid Ad,1
TX0810,9286,78.06,Influencer,32319,6412,,232.28,Toys,1,26,South,Organic,3
TX0811,8159,162.73,Affiliate,12399,2217,0.1616,494.85,Home & Kitchen,0,34,South,Social Media,3
TX0812,4631,193.06,PPC,86755,2343,0.1553,85.35,Toys,,29,North,Paid Ad,4
TX0813,5408,118.85,Social Media,61564,7483,0.1669,187.26,Electronics,,37,West,Paid Ad,5
TX0814,2788,47.97,Unknown,16987,422,0.1247,493.83,Electronics,,24,East,Unknown,5
TX0815,2498,161.68,Influencer,60034,2574,,57.35,Clothing,,54,North,Social Media,5
TX0816,1278,190.41,PPC,61542,8660,0.1684,259.17,Toys,,64,West,Direct,
TX0817,5149,,Unknown,93757,7266,0.0581,306.73,Beauty,,63,East,Unknown,1
TX0818,8287,161.75,Social Media,5859,4043,0.0457,374.27,Home & Kitchen,1,34,East,,
TX0819,6200,65.63,Influencer,49916,4863,0.1076,113.17,Clothing,,65,South,,
TX0820,8728,,Unknown,44550,6573,0.0326,62.83,Invalid,,,East,Paid Ad,1
TX0821,4477,,Social Media,19857,1141,0.102,112.09,Clothing,,62,East,,
TX0822,7466,196.29,Social Media,65633,1802,0.1466,357.65,Beauty,1,46,West,Organic,4
TX0823,1739,177.75,Social Media,38828,3979,0.1637,496.39,Clothing,0,28,East,,3
TX0824,3062,,Social Media,57498,8370,0.1017,476.32,Home & Kitchen,0,51,East,Direct,3
TX0825,3084,28.52,Affiliate,66865,1869,0.1921,177.71,Electronics,1,64,South,Direct,2
TX0826,7386,54.54,Email,72119,8568,0.0798,412.03,Clothing,,59,West,Organic,
TX0827,3006,110.64,Affiliate,21131,5671,0.1979,439.96,Electronics,0,22,North,Social Media,5
TX0828,9409,135.33,Email,14435,9025,0.1815,111.36,Beauty,,50,West,,2
TX0829,7552,90.01,Email,99739,8594,,433.49,Clothing,1,64,West,Unknown,3
TX0830,4725,,Social Media,28867,5692,0.0617,437.11,Toys,,54,North,Unknown,1
TX0831,7434,169.83,Social Media,17960,8734,0.1138,88.1,Home & Kitchen,0,53,East,,
TX0832,9480,186.22,Social Media,78034,6581,0.1477,221.78,Beauty,0,34,West,,1
TX0833,9083,,PPC,54266,5692,0.1441,264.39,Toys,1,59,West,Paid Ad,3
TX0834,1330,172.78,Influencer,37574,9442,,,Clothing,,40,West,Direct,
TX0835,6392,111.11,Influencer,53475,959,0.0923,354.87,Electronics,,49,West,Paid Ad,5
TX0836,5063,,Unknown,95111,1304,0.1847,175.5,Electronics,1,38,East,Direct,
TX0837,5589,,Affiliate,97563,2126,0.0325,496.77,Beauty,,45,South,Organic,
TX0838,7538,132.65,Affiliate,71698,9685,0.1666,449.19,Beauty,1,20,East,,
TX0839,8213,105.07,Social Media,96815,9527,0.0903,46.95,Home & Kitchen,,61,North,Social Media,1
TX0840,7552,135.83,Unknown,95686,3069,0.057,97,Home & Kitchen,0,33,North,Direct,5
TX0841,1766,62.82,Social Media,58720,8387,0.1978,292.74,Home & Kitchen,0,37,North,,3
TX0842,1617,135.91,PPC,61976,7837,0.1832,241.75,Toys,0,61,East,Social Media,5
TX0843,1046,84.73,Email,26059,489,0.0799,302.28,Clothing,0,24,South,Unknown,2
TX0844,3825,59.23,Social Media,42893,3676,0.0463,93.66,Clothing,,28,East,,4
TX0845,9187,133.12,Unknown,3540,3793,,16.02,Toys,0,42,East,Organic,2
TX0846,4146,83.34,Unknown,24846,6847,,134.09,Toys,1,52,West,,
TX0847,2594,194.9,Affiliate,52657,1407,0.1059,23.05,Toys,0,,North,Organic,5
TX0848,3137,28.15,Influencer,96968,6492,0.1772,411.67,Electronics,0,,South,Organic,4
TX0849,6371,133.71,Social Media,83008,9247,0.0397,102.51,Clothing,,40,West,,5
TX0850,6281,83.95,Email,80006,9583,0.0806,,Home & Kitchen,1,25,North,Paid Ad,5
TX0851,4557,109.51,Affiliate,98717,7468,,488.77,Beauty,1,32,North,,
TX0852,9603,,Social Media,19062,9849,0.1436,477.81,Home & Kitchen,,39,East,Unknown,2
TX0853,2194,74.35,Affiliate,52676,3537,0.1582,117.49,Electronics,,56,North,,4
TX0854,1158,131.42,Social Media,14466,1626,0.0309,343.34,Home & Kitchen,,,South,Social Media,1
TX0855,9924,,Affiliate,10012,9317,0.0508,492.61,Invalid,,29,North,Direct,
TX0856,5215,85.67,Social Media,42906,6911,0.1134,233.91,Clothing,1,24,North,,5
TX0857,5368,,Unknown,2924,2542,0.1987,224.74,Toys,,64,East,Social Media,5
TX0858,7854,183.79,Social Media,58254,793,0.1172,355.13,Toys,1,51,South,Paid Ad,2
TX0859,1533,197.01,Unknown,24878,7693,0.0157,318.08,Beauty,0,22,East,Paid Ad,
TX0860,1896,150.27,PPC,53578,7321,,350.19,Toys,,41,South,,1
TX0861,2128,110.01,Influencer,70926,9961,0.1052,204.61,Home & Kitchen,,56,West,,5
TX0862,1765,88.47,Unknown,78071,4698,0.1376,,Beauty,1,31,West,Social Media,1
TX0863,3427,182.48,Email,76682,259,,473.71,Clothing,0,59,South,,4
TX0864,2123,,Influencer,4945,3899,0.0225,30.63,Beauty,0,,South,Direct,5
TX0865,8922,171.11,Influencer,23183,3234,0.1655,450.27,Electronics,1,26,West,Direct,3
TX0866,4843,34.5,PPC,55069,8323,0.0244,378.26,Electronics,,51,South,Organic,4
TX0867,1490,88.68,Email,10215,5275,0.1169,152.58,Electronics,1,23,South,Organic,5
TX0868,6211,30.86,Influencer,22369,750,0.1918,473.77,Electronics,,33,South,Unknown,4
TX0869,6412,190.03,Social Media,81611,4390,0.093,57.69,Beauty,0,46,East,Social Media,5
TX0870,4815,,Influencer,12621,9127,0.1395,121.95,Beauty,1,26,East,Social Media,
TX0871,4060,24.48,PPC,59345,8435,0.1782,173.32,Beauty,,,South,Social Media,3
TX0872,3073,,Social Media,71891,5657,0.1669,,Clothing,,59,East,Direct,
TX0873,1125,,Social Media,53401,6278,0.0883,,Beauty,0,30,South,Direct,
TX0874,7763,112.55,Unknown,45637,7195,0.1456,363.81,Home & Kitchen,1,,South,Paid Ad,3
TX0875,2980,98.12,Influencer,1441,2408,0.0595,180.57,Home & Kitchen,,42,West,,
TX0876,3296,127.45,Email,38177,5169,0.18,203.68,Toys,,25,North,Paid Ad,2
TX0877,9084,155.77,Unknown,83925,9908,0.1834,119.77,Beauty,0,31,East,Organic,3
TX0878,3353,,Email,5751,8576,0.0602,482.98,Home & Kitchen,0,,North,Social Media,1
TX0879,2228,197.94,Affiliate,27771,9241,0.0441,392.22,Toys,0,31,East,Direct,
TX0880,1920,176.78,Influencer,5129,4789,0.1502,367.87,Toys,,61,North,Paid Ad,4
TX0881,7785,,Affiliate,71897,3524,0.0321,455.02,Electronics,,53,West,Direct,5
TX0882,6889,,Affiliate,63353,3985,0.0331,283.64,Beauty,0,43,West,Organic,2
TX0883,2845,158.64,PPC,48388,8593,,,Beauty,0,19,North,Organic,4
TX0884,7602,,PPC,48839,1139,0.1679,37.94,Clothing,,38,East,Organic,2
TX0885,3277,,Affiliate,64676,4620,0.1157,62.49,Clothing,1,42,South,Organic,4
TX0886,4323,163.14,Influencer,5952,7385,,202.39,Electronics,,31,South,,5
TX0887,3594,77.69,Affiliate,37257,3400,0.1653,475.27,Clothing,1,26,West,,1
TX0888,1627,12.11,PPC,32925,9132,0.1289,,Clothing,0,39,East,Paid Ad,5
TX0889,1000,107.79,PPC,4229,9685,0.0804,39.73,Beauty,0,30,West,Organic,4
TX0890,9263,18.76,Affiliate,70311,8307,0.0104,487.53,Clothing,,40,North,Direct,2
TX0891,1879,57.06,Affiliate,86631,9942,0.1577,478.44,Beauty,0,65,South,Social Media,
TX0892,4779,51.11,PPC,45811,2023,0.0549,249.06,Beauty,,46,East,Social Media,5
TX0893,8085,113.09,Social Media,27993,3656,0.0766,335.58,Home & Kitchen,1,49,North,Paid Ad,3
TX0894,6235,180.58,Unknown,13038,5334,0.0509,76.04,Home & Kitchen,0,43,North,,
TX0895,3249,114.2,Affiliate,38987,5544,0.0363,173.4,Invalid,,47,West,Organic,5
TX0896,8032,149.67,Email,51758,7201,0.0782,408.07,Home & Kitchen,,22,West,Social Media,1
TX0897,8737,160.96,Unknown,56200,9377,0.112,79.46,Beauty,0,19,South,Paid Ad,
TX0898,9597,191.22,Unknown,62642,1418,0.0477,389.92,Toys,1,,North,Organic,5
TX0899,3414,,Social Media,22950,2799,0.0834,108.29,Electronics,,22,South,,
TX0900,2664,40.79,Affiliate,41045,6776,0.012,,Beauty,,38,North,Social Media,3
TX0901,4208,111.15,Affiliate,95835,8462,0.1446,275.55,Toys,,21,North,Paid Ad,
TX0902,7158,69.04,Social Media,96898,9584,0.0556,130.58,Clothing,1,44,South,Organic,2
TX0903,9694,60.32,Affiliate,38145,9712,0.1563,129.76,Home & Kitchen,,18,West,Organic,4
TX0904,9027,63.48,Influencer,33711,7468,0.0236,,Home & Kitchen,,27,North,Direct,3
TX0905,8815,28.77,PPC,7779,4616,0.1057,437.76,Beauty,,43,West,Organic,1
TX0906,1139,111.43,Influencer,79660,9246,,395.59,Clothing,,33,South,Direct,1
TX0907,5771,156.27,PPC,12998,9620,,201.96,Clothing,1,29,North,,1
TX0908,4856,146.7,Affiliate,11091,8048,0.1003,,Clothing,1,45,East,,2
TX0909,7084,88.9,Influencer,76626,1157,0.1955,107.32,Clothing,1,24,North,Unknown,3
TX0910,7686,,PPC,61762,722,0.0809,404.36,Invalid,1,31,East,Paid Ad,4
TX0911,7904,197.81,Affiliate,39004,357,0.0905,335.04,Electronics,0,44,North,Direct,4
TX0912,3154,130.77,Affiliate,58376,1464,0.1295,425.29,Beauty,,,West,Direct,4
TX0913,3622,86.8,Unknown,24402,5100,0.0511,272.32,Home & Kitchen,1,49,North,Direct,
TX0914,8238,79.31,Social Media,75249,1855,0.029,,Electronics,,33,North,,
TX0915,8515,29.99,Social Media,56095,371,0.1275,497.49,Home & Kitchen,0,36,South,Social Media,2
TX0916,8979,196.76,Social Media,69759,872,0.1084,116.14,Beauty,0,34,East,Organic,
TX0917,2739,109.99,Influencer,86128,8206,0.1201,276.96,Clothing,1,35,North,Unknown,
TX0918,4967,,Influencer,17542,8013,0.0876,398.8,Clothing,,21,East,Direct,3
TX0919,3013,127.26,Email,16692,2275,0.1122,220.36,Home & Kitchen,,34,West,Direct,1
TX0920,5436,109.17,Influencer,32711,989,0.1703,132.07,Home & Kitchen,,44,North,Paid Ad,2
TX0921,7425,40.88,Unknown,45427,5758,0.0926,401.37,Electronics,1,36,East,,4
TX0922,9920,36.12,Influencer,79954,3968,,437.41,Invalid,,51,South,Direct,4
TX0923,9424,117.91,Email,62854,7963,0.1801,265.71,Clothing,,,North,Paid Ad,3
TX0924,4021,173.78,Unknown,93100,9089,0.1031,483.04,Invalid,0,,North,Paid Ad,2
TX0925,5023,196.06,Unknown,73260,6549,0.0408,68.19,Clothing,,23,East,Direct,2
TX0926,9176,15.52,PPC,50002,9686,0.1673,260.56,Home & Kitchen,,55,South,Direct,3
TX0927,7656,52.03,Affiliate,41336,738,0.199,214.46,Beauty,,,North,Organic,4
TX0928,6898,72.44,Social Media,44844,5217,,186.29,Toys,,20,East,Unknown,4
TX0929,3827,88.68,Social Media,54935,6390,0.0238,408.42,Invalid,0,20,South,Direct,3
TX0930,4384,79.96,Influencer,81775,4209,0.1159,195.98,Electronics,,,South,,3
TX0931,9797,,Email,57644,3931,,355.95,Clothing,1,,West,Direct,1
TX0932,1347,24.38,Affiliate,93464,889,0.1886,166.26,Beauty,,52,West,,3
TX0933,7269,,Social Media,33789,2402,0.1734,,Invalid,1,46,East,Organic,2
TX0934,8307,53.77,Unknown,9168,8915,0.0383,252.28,Electronics,,47,South,Social Media,3
TX0935,7615,149.98,Affiliate,94903,4667,0.0573,463.98,Beauty,1,62,North,Direct,2
TX0936,9183,,Social Media,12556,5241,0.1017,177.27,Toys,1,33,West,Social Media,3
TX0937,6365,53.1,Email,34115,402,0.1637,439.28,Home & Kitchen,,35,West,Direct,5
TX0938,3044,,PPC,43272,5049,0.0868,23.83,Toys,,27,East,Organic,4
TX0939,1783,18.4,Email,92328,3673,0.0951,,Clothing,,19,North,Direct,1
TX0940,8460,,Social Media,32566,5388,0.0738,410.83,Electronics,,59,East,Paid Ad,4
TX0941,8148,20.12,Unknown,64929,5162,0.0622,348.31,Beauty,,50,East,Paid Ad,
TX0942,5904,62.55,Influencer,12375,2796,0.0197,117.19,Beauty,1,26,West,Direct,2
TX0943,4438,86.96,PPC,71591,2380,0.1139,,Home & Kitchen,1,46,West,Organic,3
TX0944,8692,,PPC,24463,9971,0.0547,,Toys,,60,East,Organic,1
TX0945,2502,8.25,Social Media,31501,6593,0.0633,408.57,Home & Kitchen,0,18,East,Paid Ad,1
TX0946,4617,102,Social Media,32787,505,0.1772,211.96,Home & Kitchen,0,,North,Organic,4
TX0947,9569,,Affiliate,36451,8183,0.0476,,Clothing,1,61,North,Organic,5
TX0948,6930,122.95,Email,95481,9906,0.111,350.18,Clothing,1,34,East,Unknown,2
TX0949,4981,29.15,Influencer,72363,6036,0.0862,465.6,Toys,1,24,West,Organic,
TX0950,6141,,Influencer,6251,5614,0.0106,267.73,Home & Kitchen,,26,West,Paid Ad,
TX0951,3818,,Influencer,48463,4223,0.0383,40.57,Beauty,,56,South,Paid Ad,3
TX0952,8330,119.13,Unknown,67316,2031,0.1031,10.95,Electronics,1,23,East,Paid Ad,
TX0953,8026,122.55,Influencer,81913,3192,,443.91,Home & Kitchen,0,60,South,Social Media,4
TX0954,9524,51.49,Email,41041,428,,,Home & Kitchen,1,49,East,Organic,
TX0955,5726,31.65,Email,54164,1629,0.1248,416.25,Electronics,0,,East,Organic,
TX0956,1641,118.79,Affiliate,22823,8201,,,Electronics,0,64,West,Paid Ad,
TX0957,1503,,PPC,78768,8258,0.0802,270.83,Electronics,1,32,North,Paid Ad,
TX0958,9289,57.2,PPC,65625,4208,0.0766,456.23,Beauty,0,29,South,Unknown,
TX0959,9921,106.28,PPC,66955,9443,0.0897,420.48,Home & Kitchen,,61,East,Direct,4
TX0960,3200,123.81,PPC,26660,7510,,,Toys,1,50,West,Paid Ad,5
TX0961,8504,174.76,Email,1736,4957,0.1653,17.02,Electronics,1,52,South,,2
TX0962,6837,175.13,Email,85624,4370,0.125,106.54,Electronics,,26,North,Unknown,
TX0963,7656,196.7,Influencer,93069,4163,0.0985,129.13,Clothing,,,South,Direct,2
TX0964,5403,136.51,Affiliate,30039,138,0.0303,225.84,Invalid,,56,North,Paid Ad,2
TX0965,7789,8.89,Email,60528,4145,0.1555,83.38,Home & Kitchen,,32,South,Paid Ad,
TX0966,6835,144.52,Social Media,38790,2350,0.1303,414.28,Toys,0,19,South,Organic,1
TX0967,4457,199.06,Social Media,35431,6812,,374.18,Home & Kitchen,,46,West,Direct,4
TX0968,8013,108.99,Influencer,10050,8592,0.1842,,Electronics,0,41,West,Paid Ad,3
TX0969,8595,24.14,Email,92159,2744,0.0157,,Home & Kitchen,1,19,South,Paid Ad,3
TX0970,5681,144.37,Influencer,3857,7120,,95.77,Electronics,,58,East,Paid Ad,3
TX0971,9670,159.87,PPC,25869,1334,,485.71,Electronics,,24,North,Direct,3
TX0972,8684,61.26,PPC,86732,7596,,,Electronics,,56,North,,2
TX0973,7657,30.4,PPC,78346,1401,0.1485,81.29,Beauty,0,37,East,Social Media,3
TX0974,6495,36.34,Influencer,47346,1503,0.02,75.74,Clothing,0,18,West,Direct,1
TX0975,1900,66.46,Influencer,62409,3529,0.0197,175.35,Home & Kitchen,0,31,East,Paid Ad,1
TX0976,6623,74.92,PPC,54705,9311,0.1425,239.09,Electronics,,50,North,,5
TX0977,6137,,Influencer,18435,1065,0.0337,64.69,Clothing,,54,East,,4
TX0978,4519,189.85,Social Media,85507,645,0.148,114.92,Invalid,0,39,North,Unknown,4
TX0979,4124,134.27,PPC,75766,7400,0.1267,245.53,Beauty,,56,North,Paid Ad,
TX0980,1175,61.82,Affiliate,40718,2892,0.0667,150.38,Clothing,0,26,East,,2
TX0981,3890,109.42,Influencer,35766,2834,0.0919,35.34,Toys,0,25,West,Paid Ad,1
TX0982,4581,173.85,Email,34878,9841,0.0468,354.02,Clothing,,34,West,,1
TX0983,8728,78.64,Email,70539,5362,0.0997,,Clothing,,,South,Unknown,5
TX0984,3493,,PPC,39246,2576,0.068,,Beauty,0,50,East,Social Media,2
TX0985,7530,136.5,Unknown,84026,665,0.1583,186.57,Toys,0,39,South,,5
TX0986,8375,131.09,Influencer,86866,4524,0.1899,,Electronics,1,31,South,,1
TX0987,5661,12.23,PPC,6580,2402,0.1908,,Beauty,1,49,East,Social Media,2
TX0988,9620,126.69,Unknown,56534,3735,0.126,211.63,Clothing,,40,North,,3
TX0989,5895,,Social Media,5313,4023,0.1943,185.03,Home & Kitchen,,48,North,Social Media,2
TX0990,2533,128.83,PPC,40284,3072,0.1396,201.52,Invalid,,47,East,Organic,3
TX0991,1587,171.35,Email,68987,4945,0.0945,380.76,Electronics,1,51,East,Paid Ad,
TX0992,8725,190.76,Influencer,67501,9330,0.1377,,Clothing,0,31,South,Organic,5
TX0993,7923,,Social Media,5011,8015,0.0388,380.02,Beauty,,61,West,Organic,1
TX0994,8365,112.21,Social Media,83634,5451,0.0432,480.13,Clothing,,43,East,Direct,1
TX0995,4167,168.46,Influencer,22452,8491,0.1287,,Beauty,0,33,South,Organic,5
TX0996,4460,,Unknown,52524,5203,,404.22,Electronics,,44,East,,2
TX0997,7771,17.61,Affiliate,48524,8868,0.054,378.69,Home & Kitchen,0,46,South,Organic,3
TX0998,9714,,Influencer,80734,5097,0.1215,463.61,Invalid,0,59,South,Social Media,1
TX0999,4699,78.95,Social Media,20133,6218,0.1891,150.42,Clothing,,33,West,Unknown,
TX1000,8888,148.99,Social Media,62926,1757,0.0858,,Toys,1,24,East,Social Media,5
